429, 430, 431, 432, 433, 434, 435
448, 449, 443, 444, 445, 446, 447
507, 508, 509, 510, 511
608, 609, 610, 606, 607
624, 620, 621, 622, 623
661, 662, 663, 664, 665, 666
821, 822, 823, 824, 825, 826
1075, 1076, 1077, 1078, 1079, 1080
1132, 1091, 1092, 1093, 1094
1488, 1484, 1485, 1486, 1487
1584, 1585, 1581, 1582, 1583
1824, 1820, 1821, 1822, 1823
2088, 2089, 2090, 2091, 2092
2144, 2145, 2146, 2147, 2148
2176, 2177, 2178, 2173, 2174, 2175
2400, 2401, 2396, 2397, 2398, 2399
2456, 2457, 2458, 2459, 2460, 2461
2681, 2682, 2683, 2684, 2685
2784, 2785, 2786, 2787, 2788, 2789
2880, 2881, 2882, 2883, 2878, 2879
2884, 2885, 2886, 2887, 2888, 2889, 2890
2912, 2913, 2909, 2910, 2911
2918, 2919, 2920, 2921, 2922, 2923, 2924
2928, 2929, 2930, 2926, 2927
2954, 2955, 2956, 2957, 2958, 2959
3032, 3033, 3034, 3035, 3036
3138, 3139, 3140, 3141, 3142
3155, 3156, 3157, 3158, 3159, 3160
3183, 3184, 3185, 3186, 3187, 3188
3209, 3210, 3211, 3212, 3213
3478, 3479, 3480, 3481, 3482, 3483, 3484, 3485
3603, 3604, 3605, 3606, 3607
3815, 3816, 3817, 3818, 3819, 3820
3824, 3825, 3821, 3822, 3823
3920, 3921, 3917, 3918, 3919
3922, 3923, 3924, 3925, 3926
3936, 3937, 3938, 3939, 3940, 3935
4230, 4231, 4232, 4233, 4234, 4235, 4236, 4237, 4238
4552, 4548, 4549, 4550, 4551
4632, 4633, 4634, 4630, 4631
5062, 5063, 5064, 5065, 5066, 5067, 5068, 5069, 5070, 4752
4800, 4801, 4802, 4803, 4804, 4805, 4806
4865, 4866, 4867, 4868, 4869
5032, 5033, 5034, 5035, 5036
5248, 5249, 5244, 5245, 5246, 5247
5280, 5281, 5276, 5277, 5278, 5279
88, 5560, 5562, 5563, 5561
675, 5588, 221, 222, 5589
2160, 6441, 6442, 3782, 1086
1188, 2277, 2278, 2280, 5559, 1190
4141, 6493, 1718, 1210, 6491, 6492, 6490, 6494
1606, 6361, 6362, 6363, 6364, 6365, 6366
6481, 6482, 6483, 6484, 6485, 2110
6936, 6937, 2212, 4982, 6935
5775, 5772, 5773, 5774, 2215
5898, 5899, 2308, 2310, 2311
6256, 6257, 6258, 2812, 6255
6819, 6820, 6821, 6822, 3663
5496, 5497, 5498, 5494, 5495
5675, 5676, 5677, 5678, 5679, 5680
5920, 5916, 5917, 5918, 5919
6001, 6002, 6003, 6004, 6005
6017, 6018, 6019, 6020, 6021, 6022
6067, 6068, 6069, 6070, 6071
6496, 6497, 6498, 6499, 6500, 6501, 6502, 6495
6723, 6724, 6725, 6726, 6727, 6536, 6728
6575, 6576, 6577, 6578, 6579, 6580, 6581, 6582
6649, 6650, 6651, 6652, 6653
6696, 6697, 6698, 6699, 6695
6912, 6913, 6909, 6910, 6911
7059, 7060, 7061, 7062, 7063
7207, 138, 140, 239, 1620, 1759
7016, 4953, 4954, 7707, 7014
7296, 6379, 7293, 7294, 7295
3978, 7437, 3980, 3333, 6487
5569, 7303, 7304, 7305, 7306, 7307, 7308, 5682, 5686
978, 1131, 3074, 7166, 1263
7144, 7145, 7146, 1175, 7143
1456, 1457, 7148, 1453, 1455
7192, 7190, 7189, 3062, 7191
7176, 7177, 7178, 7174, 7175
7288, 7284, 7285, 7286, 7287
7441, 7442, 7443, 5438, 5985
5675, 5676, 5677, 5678, 5679
7872, 7873, 7874, 7875, 1606, 221
7882, 7883, 7884, 7885, 7886
3685, 3686, 3762, 8028, 8029, 8030
3074, 1231, 1009, 7767, 7768, 7769, 7770, 7771, 7772, 7773, 7774, 799
7139, 7140, 7183, 5873, 5875, 1284, 7740, 7741
3282, 3283, 8060, 8061, 8059
7757, 7758, 7759, 7760, 7761, 7762
193, 166, 8457, 8458, 8459, 754
8368, 8369, 8370, 8371, 8372
8487, 8488, 8489, 8490, 8491, 8492
1040, 1041, 1042, 8501, 2543
8520, 8521, 1490, 1491, 2653
8585, 8586, 8676, 8677, 8678
6116, 8590, 7279, 3280, 3281, 7343
8640, 8641, 8642, 8643, 8644, 8645, 8646, 8639
9222, 9223, 9224, 9225, 9226, 9227
8801, 8802, 8803, 8804, 8805
8952, 7377, 941, 8950, 8951
8960, 8961, 8962, 8963, 8964, 8965, 1721
9041, 9042, 3267, 3269, 1685
9376, 2113, 9375, 9377, 2937
1312, 2649, 717, 150, 718
8361, 3147, 9617, 9618, 9619, 1395
9474, 9475, 5838, 8497, 3613, 3614
9432, 9431, 2645, 9430, 9429
9048, 9049, 9604, 9605, 9606
9399, 9400, 9401, 9402, 9403, 9404
8104, 9872, 9873, 5837, 9871
10249, 10250, 10251, 10252, 7298
10096, 10097, 5018, 10094, 10095
5856, 139, 10159, 10160, 10161, 5855
8009, 6540, 1878, 7334, 10175
1592, 514, 10061, 10062, 2031
704, 705, 706, 708, 709, 10055
10112, 5316, 7377, 10109, 10110, 10111
290, 295, 10640, 10641, 10642, 10643
569, 2459, 2460, 2461, 10681
1383, 2544, 1042, 6099, 11033, 11034
9012, 10934, 10935, 10936, 10937, 10938, 10939, 10940, 10941
10659, 10660, 10661, 10662, 10663, 10664, 788, 790
867, 10546, 10547, 10548, 10549, 10550
952, 10716, 10717, 10718, 951
10416, 10417, 9354, 9355, 10415
11144, 9928, 4179, 11142, 11143
9548, 10870, 10871, 10872, 10873, 10874
9688, 11091, 6252, 6253, 9691
7609, 3143, 4627, 11222, 11223
1828, 10437, 10438, 10439, 10440, 10441
2145, 2146, 2721, 10965, 10966, 2718
10960, 10961, 10962, 10959, 359
10634, 10635, 10636, 10637, 10638, 10639
2467, 10707, 10708, 10709, 10710, 2874
10785, 10786, 10787, 10788, 10789, 10790, 10791
10880, 10881, 4899, 10865, 10866, 10875, 10876, 10877, 10878, 10879
10952, 10953, 10954, 2470, 10951
11063, 11064, 11065, 11066, 11067, 11068, 6302
11527, 11528, 11529, 11530, 9075, 9076
4008, 5530, 5859, 3308, 8559
11386, 11382, 11380, 11381, 8798
5408, 3860, 5475, 4764, 5367
11448, 1555, 11445, 11446, 11447
9035, 9033, 9034, 9059, 11486
7174, 7175, 7176, 7177, 7178, 11390
11369, 11370, 11371, 11372, 11373
11399, 11400, 11401, 11402, 11403, 11404, 11405, 11406, 11407, 11408, 11409, 11410, 11411
11570, 11571, 11572, 8154, 11573
12416, 8361, 1395, 9540, 12417
208, 209, 210, 11621, 11622
12224, 228, 2093, 12222, 12223
11809, 805, 806, 807, 808, 809
11917, 11918, 983, 984, 985, 986, 987, 988, 991
1240, 11888, 11890, 11887, 11889
4308, 12395, 12396, 11165, 12397
12156, 10188, 12157, 12158, 12159
2024, 11792, 11793, 11794, 11795, 11796, 11797, 11834
7302, 12148, 10333, 5910, 5909
11294, 5202, 12638, 6652, 12637, 5022
11650, 11651, 11652, 11653, 11654, 11655
6088, 11696, 11693, 11694, 11695
11712, 11713, 11714, 11709, 11710, 11711
11882, 11883, 7925, 7942, 7487
12512, 12513, 12514, 12581, 12582, 4690
12568, 4065, 12569, 5985, 12567
12875, 12876, 12877, 12878, 12879, 12880
13025, 13026, 13027, 13028, 13029, 13030
13152, 13153, 13154, 13155, 13156, 9076, 13150, 13151
13283, 13284, 13285, 12618, 7126, 5433
1216, 1194, 13268, 2422, 1214, 1215
13282, 7908, 179, 2452, 7766, 2297, 1533
5569, 8770, 8907, 13161, 13162, 13163, 13164, 8771, 5684, 2780
2628, 13166, 13167, 13168, 13169, 13170, 5246
3396, 13239, 13240, 13241, 13242, 13243, 13244, 13245
13255, 13256, 13257, 13258, 13259, 13260, 13261, 13262, 13263
5888, 13265, 13266, 13267, 5812, 5886, 5887
361, 1443, 2060, 13308, 13309
13424, 13425, 13421, 13422, 13423
14048, 14047, 1005, 14046, 14045
2528, 13970, 13971, 13972, 2527
12040, 12041, 12369, 14406, 12367
13926, 13927, 13928, 13929, 13930, 13931, 13932, 13933
13937, 13938, 13939, 13940, 13941
14193, 14194, 14195, 14196, 14197, 14198
14381, 14382, 14383, 14384, 14385, 14386, 14387, 14388, 14389, 14390, 14391
14640, 14641, 14642, 14643, 14644
14712, 14708, 14709, 14710, 14711
14817, 14818, 14819, 14820, 14821, 14822, 14823, 14824
15155, 15156, 15157, 15158, 15159
15174, 15175, 15176, 15177, 15178, 15179, 2287, 502
2456, 2459, 2460, 2461, 15302
2628, 13166, 13167, 13168, 13169, 13170, 5246
15170, 1075, 3396, 14042, 1077
11697, 11700, 15180, 15181, 15182
11202, 5930, 15227, 15228, 15229, 15230
15251, 15252, 15253, 15254, 15255, 15256, 15257
15265, 15266, 15267, 15268, 15269
15434, 15435, 15436, 15437, 15438
15472, 15473, 15474, 15470, 15471
15801, 8634, 771, 15802, 4142
16111, 16112, 16113, 16114, 9909, 3896
5960, 16064, 3738, 6000, 16063
16080, 16079, 2181, 16078, 16077
8361, 15963, 15964, 15965, 13889
176, 15301, 2100, 173, 15245
16074, 2563, 16076, 723, 16075
10594, 709, 847, 848, 849, 850
15768, 15282, 11715, 15766, 15767
1316, 12042, 2451, 2452, 9967
15889, 15885, 15886, 15887, 15888, 12817
14288, 531, 532, 15813, 15814
15736, 15737, 15738, 15739, 10807
1072, 913, 1658, 1657, 911
15568, 15569, 15570, 15644, 15645
15698, 15699, 15700, 15701, 15702
15776, 15777, 15771, 15772, 15773, 15774, 15775
15824, 15825, 5402, 15822, 15823
16040, 16041, 16042, 16043, 16039
8073, 5895, 5964, 16461, 5965
1360, 16136, 8379, 16137, 16135
16142, 16143, 16144, 16145, 16146, 251, 252, 253, 254, 255
8704, 16585, 2194, 3987, 16586
16374, 6671, 16373, 494, 16375
16216, 16217, 16218, 1479, 16215
16260, 16261, 15568, 15569, 15644, 15645
544, 18312, 4466, 4116, 18313
15425, 15426, 912, 12725, 2361, 20891
1100, 22776, 22777, 22778, 22779, 22780, 22781
1162, 20243, 20244, 20245, 20246, 20247, 20248, 20249
18259, 18260, 18261, 18262, 18263, 1433, 7357
1488, 1484, 1485, 1486, 1487
19596, 19595, 1996, 19597, 19598
4912, 4913, 2125, 4622, 4909
2277, 2278, 2279, 2280, 18441, 5559
18592, 2468, 18590, 18588, 18589, 7934, 18591
22176, 22177, 22178, 22179, 2579, 22175
19824, 2969, 19822, 10974, 19823
19456, 19457, 3330, 19459, 19460, 19458
19056, 19057, 19058, 19059, 3710
21720, 3865, 21722, 21719, 21721
19072, 19073, 19074, 19075, 3950, 19070, 19071
5095, 20886, 20887, 20888, 20889, 20890
5569, 20218, 20219, 20220, 5686
20124, 5763, 20123, 20125, 9419
8488, 8490, 8491, 8492, 18637, 18638
19288, 14595, 14334, 8534, 14335
19217, 19218, 19219, 19220, 19221, 9342
9892, 9893, 23312, 23313, 23314, 23315, 23316
19900, 19898, 19899, 11484, 19901
21915, 21916, 21917, 21918, 12079
20424, 20425, 20426, 20500, 13095
14768, 22160, 22162, 22159, 22161
19306, 19307, 19308, 19309, 19310, 15355
23368, 23369, 15555, 23366, 23367
15576, 20732, 20733, 20734, 20735
18482, 18483, 18484, 18485, 15966
16296, 19472, 19471, 19470, 19473
18224, 18225, 18226, 18227, 18228
18304, 18305, 18306, 18307, 18308, 18309
18426, 18427, 18428, 18429, 18430, 18431
18450, 18451, 18452, 18453, 18454, 18455, 18456
18464, 18465, 18466, 18467, 18468, 18463
18488, 18489, 18490, 18486, 18487
18502, 18503, 18504, 18505, 18506, 18507, 18508
18728, 18724, 18725, 18726, 18727
18746, 18747, 18748, 18749, 18750
18869, 18870, 18871, 18872, 18873, 18874
18954, 18955, 18956, 18957, 18958
18962, 18963, 18964, 18965, 18966
18968, 18969, 18970, 18971, 18967
19014, 19015, 19016, 19017, 19018, 19019
19111, 19112, 19113, 19114, 19115, 19116, 19117, 19118, 19119
19170, 19171, 19172, 19173, 19174
19187, 19188, 19189, 19190, 19191
19224, 19225, 19226, 19222, 19223
19283, 19284, 19285, 19286, 19287
19360, 19361, 19362, 19358, 19359
19418, 19419, 19420, 19421, 19422
19560, 19561, 19557, 19558, 19559
19608, 19609, 19605, 19606, 19607
19656, 19657, 19653, 19654, 19655
19682, 19683, 19684, 19685, 19686, 19687, 19688
19689, 19690, 19691, 19692, 19693
19729, 19730, 19731, 19732, 19733
19760, 19761, 19762, 19763, 19764
19808, 19809, 19810, 19806, 19807
19880, 19876, 19877, 19878, 19879
19927, 19928, 19929, 19930, 19931, 19932, 19933
20194, 20195, 20196, 20197, 20198
20360, 20361, 20362, 20358, 20359
20416, 20417, 20418, 20419, 20420
20523, 20524, 20525, 20526, 20527, 20528
20544, 20545, 20546, 20540, 20541, 20542, 20543
20550, 20551, 20552, 20553, 20554, 20555, 20556
20562, 20563, 20564, 20565, 20566, 20567
20579, 20580, 20581, 20582, 20583
20683, 20684, 20685, 20686, 20687
20698, 20699, 20700, 20701, 20702
20723, 20724, 20725, 20726, 20727
20816, 20817, 20818, 20814, 20815
20867, 20868, 20869, 20870, 20871
20920, 20916, 20917, 20918, 20919
20945, 20946, 20947, 20948, 20949, 20950
20992, 20993, 20994, 20990, 20991
21004, 21005, 21006, 21007, 21008, 21009
21016, 21017, 21018, 21019, 21020
21080, 21081, 21082, 21083, 21084
21314, 21315, 21316, 21317, 21318
21416, 21417, 21413, 21414, 21415
21443, 21444, 21445, 21446, 21447
21506, 21507, 21508, 21509, 21510, 21511, 21512, 21513
21576, 21577, 21573, 21574, 21575
21600, 21601, 21596, 21597, 21598, 21599
21624, 21625, 21626, 21627, 21628
21632, 21633, 21634, 21635, 21636, 21629, 21630, 21631
21761, 21762, 21763, 21764, 21765
21800, 21801, 21802, 21798, 21799
21979, 21980, 21981, 21982, 21983
22246, 22247, 22248, 22249, 22250, 22251
22288, 22289, 22290, 22291, 22292
22344, 22345, 22341, 22342, 22343
22499, 22500, 22501, 22502, 22503
22842, 22843, 22844, 22845, 22846
23123, 23124, 23125, 23126, 23127
11524, 4330, 24593, 24594, 24595, 24596
24728, 24729, 23122, 24730, 24727
24310, 24311, 24312, 24313, 3901, 255
24857, 24858, 24859, 24860, 12502
24888, 24889, 10818, 24890, 24887
4864, 24891, 41, 3067, 24892, 24893
24928, 24924, 24925, 24926, 24927
448, 10520, 10706, 23893, 10705
25119, 25116, 25117, 25118, 21791
704, 705, 706, 708, 709, 18393
8928, 22168, 4253, 6902, 6903
25315, 25316, 25317, 25318, 25319
3329, 3330, 987, 3332, 24102
23984, 23985, 23986, 23987, 9342
23975, 23972, 23973, 9366, 23974
10088, 5372, 11885, 1222, 5807
9736, 2928, 21015, 24123, 24124, 24125
18868, 4043, 16684, 14557, 23886
10051, 11780, 23888, 23889, 23890, 11779
15555, 23366, 23367, 23368, 24894, 24895
2456, 2457, 2458, 2459, 2460, 2461
24131, 24132, 15363, 15364, 2653, 2654
2882, 5763, 15399, 24360, 24361, 3351
23922, 3032, 3033, 3034, 3035, 3036
25105, 25106, 25107, 25108, 3718
7745, 4010, 24219, 24220, 24218
24355, 24356, 23077, 24358, 4167, 24357
23944, 14611, 23941, 23942, 23943
23856, 23857, 7098, 20787, 23858
24242, 24243, 24244, 24245, 24246
15162, 24126, 7237, 7238, 7239
24040, 24041, 24042, 24043, 24039
24440, 24441, 24442, 24443, 24439
24807, 15055, 24280, 27132, 27133, 27134
27201, 27202, 27203, 27204, 27205, 27206, 24522, 24849
9949, 23271, 8071, 25164, 24861, 26905, 3229
26001, 26002, 26003, 26004, 26005, 26006
8553, 7122, 5367, 25870, 6433
386, 15109, 27015, 11281, 5204, 5205
816, 2172, 8685, 8686, 8741
26112, 17025, 19583, 26113, 7929
25472, 25473, 25474, 25475, 25470, 25471
10407, 1646, 3919, 914, 6931, 13976
19752, 19753, 25508, 25509, 19751
25512, 25513, 19722, 19723, 19724, 2889
25514, 25515, 25516, 24466, 25517
26104, 26105, 26106, 12929, 26103
1072, 1657, 1658, 11971, 25580
11470, 2894, 25581, 25582, 25583
21000, 25633, 25634, 25635, 25636
25680, 25676, 25677, 25678, 25679
25720, 25721, 25717, 25718, 25719
25736, 25737, 25738, 25739, 25740, 25741
25745, 25746, 25747, 1444, 25748
25760, 5249, 25757, 25758, 9437, 9438, 25759
25888, 25889, 25890, 25891, 25892, 25886, 25887
21249, 25894, 25895, 25896, 25897, 16218
929, 25899, 25900, 25901, 25902, 25903, 25904
25939, 25940, 25941, 2166, 25942
26090, 26091, 26092, 26093, 26094, 11193
4518, 26125, 26126, 26127, 26128, 26129
5095, 20243, 20245, 26136, 26137, 26138
26152, 26148, 26149, 26150, 26151
5046, 2088, 11209, 11211, 26229, 26230, 26231, 26232, 5045
21515, 26261, 26262, 26263, 26264, 26265
26496, 26497, 26493, 26494, 26495
26544, 26545, 26546, 26547, 26548, 5910, 4692, 6970
20400, 18496, 18493, 20398, 20399
26720, 26721, 26717, 26718, 26719
26808, 26809, 2738, 26806, 26807
26826, 26827, 26828, 26829, 23415
26979, 26980, 26981, 26982, 26983, 26984, 26985
2083, 997, 3143, 1843, 2036, 7703, 6995
27171, 27172, 27173, 27174, 27175, 27176, 27177
9709, 27214, 27213, 27216, 27217, 27215, 5119
5684, 2970, 8907, 2780, 13163
16416, 13891, 25416, 333, 335, 16338, 16285
4448, 4449, 27442, 27443, 5223
2492, 18738, 2636, 6157, 1853
6600, 10387, 7043, 5349, 211
2776, 6385, 2777, 3543, 16160
6601, 8101, 27380, 27381, 5215
27224, 27225, 27226, 27227, 27228, 27229, 27230
7119, 7120, 7122, 5366, 5367, 4764
27312, 978, 1131, 1263, 27311
16260, 16261, 27281, 15568, 15569, 15644, 15645
80, 28217, 1970, 1069, 111
27712, 27713, 27714, 2755, 146, 27711
24744, 29745, 29746, 29747, 29748
4182, 24783, 28850, 28851, 28852, 28853, 28854, 254
29896, 29897, 29898, 29899, 29900
834, 229, 233, 1173, 220, 2558, 2559
29131, 29130, 24843, 29132, 29133, 29134
28136, 1905, 306, 1903, 10241
24912, 27697, 27698, 27699, 27700
29027, 540, 22214, 21334, 22213
7824, 633, 5316, 7117, 3127
2064, 26089, 2066, 6048, 1888
9152, 28643, 19460, 28645, 28646, 28647, 28648, 28644
1026, 15803, 27900, 12570, 27901
9241, 9492, 28149, 28150, 25701
27483, 27484, 27485, 27486, 27487
27495, 27496, 27497, 27498, 27499, 27500, 27501
12106, 12105, 5842, 1188, 28218
28016, 1250, 12048, 28017, 28018, 3550
3659, 3657, 3658, 9451, 9452, 27799
10188, 25860, 28413, 28414, 28415
1287, 27884, 27885, 27886, 27887, 27888
9705, 28143, 9796, 9798, 2868
29660, 29659, 5868, 19389, 29661
1689, 29475, 29476, 29477, 29478
29325, 12579, 22125, 29326, 29327
27944, 27945, 5178, 27946, 1918
20805, 29065, 29066, 29067, 29068, 4848
18344, 20689, 19058, 27518, 27519
29632, 29633, 29634, 6338, 12887
27651, 27652, 27653, 27654, 27655
29224, 29225, 9219, 20843, 15389
21329, 29078, 29079, 29080, 29081, 29082
29089, 29090, 29091, 29092, 29093
28907, 28902, 28903, 28904, 28905, 28906, 20875, 22488, 3290
10904, 28256, 28258, 10915, 28257
27688, 19306, 15355, 19309, 27687
27520, 27521, 27522, 21538, 27676, 27677
27593, 27594, 27595, 27596, 27597, 27598
27604, 27605, 27606, 27607, 27608, 27609
7744, 7745, 27621, 27622, 7743
27637, 27638, 27639, 27640, 27641, 27642, 27643, 27644, 27645
28051, 28050, 3123, 28052, 28053, 28054, 28055, 28056, 28057, 28058, 28059
27864, 27860, 27861, 27862, 27863
27914, 27915, 27916, 14763, 27917
27952, 27953, 27949, 27950, 27951
27985, 27986, 27987, 27988, 27989, 27990
28034, 28035, 28036, 28037, 28038, 28039, 28040, 20141
28041, 28042, 28043, 28044, 24502, 19901
28104, 22266, 22015, 28102, 28103
28144, 28145, 28146, 5939, 28147
4388, 28208, 28209, 28210, 28211, 28212, 28213, 28214, 28215
28242, 28243, 28244, 28245, 28246
28272, 28273, 28274, 28275, 28276, 28277
28448, 28449, 28450, 28451, 28452, 28453, 28454, 28455, 28443, 28444, 28445, 28446, 28447
3878, 4424, 21516, 28491, 6668, 21517, 21518, 21519, 14835
28688, 28689, 28690, 28686, 28687
28718, 28719, 28720, 28721, 28722, 28723
28810, 28811, 28812, 28813, 28814, 14139
20752, 21256, 20751, 20750, 21255
23075, 29048, 29049, 29050, 29051, 29052, 29053
29096, 29097, 29098, 29094, 29095
29216, 29217, 29213, 29214, 29215
29273, 29274, 29275, 29276, 29277
29391, 29392, 29393, 29394, 29395, 29396, 29397, 29398
22542, 22544, 29434, 29435, 29436, 29437
29452, 29451, 21588, 29453, 29454
29587, 29588, 29589, 29590, 29591
29677, 29678, 29679, 29680, 29681, 29682
29952, 29947, 29948, 29949, 29950, 29951
29992, 29993, 29994, 29990, 29991
7050, 7051, 7052, 7053, 7054, 6352
31408, 31404, 31405, 31406, 31407
24804, 14732, 31415, 31416, 31417, 31418, 31419, 31420, 31421, 31422
65, 30955, 1908, 30956, 30957
6296, 66, 67, 2661, 6391
117, 30073, 30074, 30075, 30076, 30077
14597, 774, 14224, 8337, 30904, 30905, 30906, 14213, 14278
30104, 30105, 30106, 3555, 3556
8928, 30332, 2813, 30334, 30333
832, 3656, 9194, 30973, 6197
5856, 139, 5855, 30493, 30494, 11679
13923, 13924, 14591, 9235, 30747, 30748, 30749, 30750, 30751
31535, 12947, 22949, 31534, 31533
30917, 30918, 30919, 2987, 1200, 23999
1287, 27884, 27885, 27886, 27888, 30490
9754, 30876, 30877, 30878, 30879
30344, 30345, 19031, 30342, 30343
30752, 30753, 30754, 10091, 3214, 29241
8176, 31457, 10370, 10371, 6031
10374, 30059, 30060, 30061, 30062, 30063, 2238
30594, 18731, 30595, 7485, 21327
30851, 30852, 30853, 30854, 30855, 19060
10944, 16210, 30155, 30156, 30157
19418, 30708, 30709, 30710, 30711
27712, 30120, 20442, 30119, 30121
19800, 30377, 30378, 3331, 30379
22408, 31051, 31052, 31053, 31054, 31055, 31056, 31057
30175, 30172, 3477, 30174, 30173
11882, 11883, 7925, 30488, 30489, 7487
31472, 31473, 31474, 31475, 31476, 4181, 5142
12496, 30152, 30154, 30151, 30153
30556, 20916, 30557, 30558, 30559
30848, 6433, 30850, 30849, 5367
30026, 30027, 30028, 30029, 30030, 30031, 30032, 30033, 30034
30065, 30066, 30067, 30068, 30069
30128, 30129, 30130, 30131, 30132
30243, 30244, 30245, 30246, 30247, 30248, 30249
13986, 30324, 30325, 30326, 30327
30328, 30329, 16260, 15645, 15569
30361, 30362, 30363, 30364, 30365
30456, 30457, 30458, 30454, 30455
5888, 30674, 30675, 30676, 5887
30466, 30467, 30468, 30469, 30470
30520, 30521, 30522, 30518, 30519
30547, 30548, 30549, 30550, 30551
30696, 30692, 30693, 30694, 30695
30739, 30740, 30741, 30742, 30743, 30744, 30745, 30746
31031, 31032, 31033, 31034, 31035, 31036
31352, 31353, 31349, 31350, 31351
31441, 31442, 31443, 31444, 6789
27683, 2886, 3080, 8248, 1625, 1626
9267, 31754, 31755, 31756, 31757
12040, 12041, 12369, 14406, 12367
2181, 16077, 16078, 16079, 16080, 31930, 31931, 31932
3234, 16524, 222, 31901, 31902, 31903
24742, 31750, 31751, 31752, 31753, 11915, 27892, 10778
31776, 31780, 31781, 4486, 31783, 31784, 31782
13923, 13924, 20747, 31726, 31727, 2777, 19835
31795, 31796, 31797, 31798, 11802, 30652
31880, 31881, 31882, 31883, 31884, 31885, 24370, 12767
31909, 31910, 31911, 31912, 12851, 15966
31872, 31873, 31874, 31875, 31876, 31877
31840, 31839, 2917, 31838, 31837
19767, 31641, 31642, 31643, 31644, 19770
1410, 1411, 31788, 31789, 31790, 20181, 7256
31936, 31937, 1811, 31933, 31934, 31935
32000, 32001, 32002, 32003, 32004, 32005, 31993, 31994, 31995, 31996, 31997, 31998, 31999
5560, 10579, 88, 5561, 5562, 5563, 92
256, 3685, 5726, 8028, 8029, 8030
10434, 1385, 333, 32303, 335, 16285
7942, 11882, 11883, 7925, 32187, 7487
20650, 20651, 32337, 32338, 468, 469
832, 554, 6079, 2422, 831
32400, 7377, 28456, 8952, 8951
18432, 25779, 23979, 32051, 25780, 25528
1897, 1899, 32053, 1286, 32054
32088, 2175, 32086, 2174, 32087
32265, 32266, 32267, 32268, 3051
32064, 32065, 2778, 14044, 32066
32274, 14402, 3155, 3156, 14267
32193, 3986, 32195, 32196, 32194
32256, 32257, 23889, 15382, 32254, 32255
12684, 32207, 32208, 32209, 32210, 32211
32342, 21219, 21220, 21221, 21222
21240, 15906, 15907, 32070, 32071
22552, 32250, 32251, 30565, 30726
6068, 6067, 32236, 6069, 6071
32091, 32092, 32093, 32094, 32095
32121, 32122, 32123, 32124, 32125, 32126
32152, 32153, 32154, 32155, 32156
1196, 32856, 32857, 32858, 32859, 32860
32906, 32907, 32908, 32909, 32910, 32911, 32912
10912, 32969, 32970, 32971, 32972, 11566
33064, 33060, 33061, 33062, 33063
33088, 33089, 33090, 33091, 7570, 9430, 9431
33097, 33098, 33099, 33100, 8989, 8990, 8991
33154, 33155, 33156, 33157, 33158, 4766
5952, 24872, 33197, 33198, 33199, 26861
33320, 33321, 33322, 33323, 33324
33331, 33332, 33333, 33334, 33335, 33336
33383, 33384, 33385, 33386, 33387, 25325
3320, 9064, 3322, 3323, 33437
705, 706, 20612, 32649, 18808, 18809
33496, 33497, 33495, 33494, 9728
4466, 33530, 33531, 33532, 33533, 33534
33550, 33551, 33552, 33553, 33554, 33555
6255, 6256, 6257, 33618, 33619, 2812
33688, 33689, 33690, 33686, 33687
33760, 5268, 33732, 33758, 33759
33802, 33803, 33804, 33805, 33806
26605, 33813, 33814, 33815, 33816, 33817
33903, 33904, 33905, 33906, 33907, 33908, 26461
26230, 2088, 11209, 11211, 26229, 5046, 26231, 26232, 5045
2887, 2890, 32755, 32756, 32757, 18647, 18651
32587, 32588, 32589, 32590, 32591, 3326
21928, 16177, 4994, 21929, 21919
7176, 7177, 7178, 7174, 7175
32704, 32705, 32706, 32707, 32708, 32709
34139, 34140, 34141, 34142, 24427
11165, 12396, 25669, 3894, 25670
18673, 34024, 34025, 30897, 18674, 2616
34016, 19138, 859, 860, 25746
3556, 21288, 33971, 33972, 33973, 30106
33760, 33992, 33732, 33758, 33993
34128, 34129, 34125, 34126, 34127
12237, 2835, 2005, 2166, 380, 2035
1280, 15245, 9517, 173, 176, 732
1610, 34211, 34212, 34213, 247
14208, 11242, 3793, 10578, 14935, 34296
16167, 7766, 16166, 12718, 4821
19045, 19046, 19047, 34216, 34217, 34215
2768, 7512, 34196, 757, 3213
10968, 14655, 34221, 34222, 34223
5240, 3004, 5237, 5238, 5239
15344, 12240, 12239, 34246, 15345
34208, 11856, 1538, 34209, 34207
5675, 5676, 5677, 5678, 5679, 5680
12288, 305, 2228, 301, 12289
3494, 21288, 34476, 34477, 34478, 34479
2088, 11209, 11211, 5045, 5046, 26231, 26232, 26229
6960, 6961, 4163, 4164, 12910
11276, 34414, 34415, 34416, 34417, 34418, 604
1056, 12394, 972, 12526, 12527
7651, 7543, 6261, 6262, 6263
2426, 2427, 253, 3862, 3863
11393, 9287, 12616, 12615, 34360, 34361, 34362
8906, 8907, 8908, 34329, 1433, 34330, 34331
34328, 554, 34327, 16052, 831
3528, 16324, 2636, 1853, 580
3213, 9328, 8790, 5879, 3227, 11839
9580, 9581, 5809, 34386, 34387, 34388, 34389, 17148
34392, 34393, 34394, 13405, 10079
34376, 34377, 34378, 3331, 34375
34369, 34370, 34371, 34372, 34373, 34374
34379, 34380, 34381, 34382, 34383
169, 34730, 1435, 1881, 1771
8582, 8584, 9001, 34491, 34492, 34493
5856, 18345, 34530, 139, 34529
21864, 5153, 34698, 27581, 34697
3108, 2022, 233, 787, 220, 223
18693, 7942, 11883, 7925, 7484, 7487
20457, 34542, 34543, 2777, 19835, 18780
34728, 2025, 2026, 16212, 4493
2946, 2947, 2948, 1446, 15791, 34552
34648, 28529, 34647, 8121, 8113
34691, 34692, 34693, 19826, 19827, 21561
34688, 34689, 34690, 34686, 34687
34712, 21929, 4994, 34713, 34711
9928, 19890, 19889, 34578, 34579, 13943
11744, 1665, 34555, 34556, 34557
12, 13, 883, 660, 187, 188
176, 173, 2100, 15245, 15301
7744, 34913, 7745, 1069, 7742, 7743
34915, 34916, 34917, 34918, 34919
11856, 11857, 11858, 14804, 34936, 34937
11490, 9457, 9459, 7284, 7287, 34939, 10782
13383, 13384, 13385, 13387, 34940, 34941
34948, 34946, 34235, 34236, 34947
34954, 34955, 34956, 9405, 9407
34988, 34989, 34990, 34991, 34992, 34993, 34994
9346, 26148, 35028, 35029, 35030, 35031, 31871
35032, 16016, 8379, 6302, 35033
35050, 35051, 35052, 35053, 35054
35144, 35145, 35141, 35142, 35143
1316, 12042, 2451, 2452, 9967
15621, 15640, 15641, 15642, 15643, 9692
2, 37251, 37252, 130, 37250, 25439
37019, 1606, 8816, 219, 221, 222
2021, 2022, 37351, 787, 220, 223
8488, 8490, 8491, 8492, 18637, 18638
37444, 37445, 37446, 37447, 37448, 9871, 501
25114, 38212, 38213, 38214, 38215
37786, 8763, 37787, 8762, 31335
16561, 859, 33523, 860, 37681
38368, 38369, 38364, 38365, 38366, 38367
25452, 25450, 25451, 37004, 2190, 14104, 16187
37208, 1897, 12451, 30160, 37207
5504, 12127, 5510, 11880, 3257, 9275, 13247
9321, 37314, 37315, 37316, 14439
34248, 37386, 37387, 37388, 21202
26256, 38064, 38063, 38062, 26257
1698, 38123, 38124, 38125, 38126, 38127, 38128
37271, 19836, 37269, 37270, 34543
3936, 3937, 12584, 37770, 14893, 24147, 3935
38710, 38708, 38709, 38174, 29183
15154, 38547, 38548, 38546, 38549
3877, 3878, 4424, 21516, 6668, 21519, 14835
37034, 34915, 34916, 37035, 34917
13040, 38370, 4091, 13021, 26838
38647, 38648, 38649, 38650, 38651, 38652, 38653, 38654
18945, 10515, 27831, 22054, 37849
37063, 19004, 37061, 37062, 19005
6257, 37126, 37125, 19342, 37127
2978, 38139, 38140, 38141, 38142
38592, 38593, 38589, 38590, 38591
37630, 7330, 28588, 37629, 11502
38800, 38796, 38797, 38798, 38799
37219, 6023, 6539, 6415, 8163, 28030
38048, 38049, 38050, 38046, 38047
37594, 20403, 20404, 20405, 37595
37032, 37033, 37029, 37030, 37031
37056, 37057, 37058, 37059, 37060
23937, 37074, 37075, 37076, 23938
37416, 37412, 37413, 37414, 37415
31216, 37450, 37451, 37452, 37453
14065, 4823, 3997, 14606, 38023
38065, 38066, 38067, 38068, 38069
19054, 38384, 38385, 38386, 38387, 38388, 38389
38468, 38467, 21364, 38469, 38470
200, 197, 198, 199
320, 321, 319
417, 418, 419, 420
424, 422, 423
456, 453, 454, 455
457, 458, 459
472, 473, 474, 475
556, 557, 558
560, 561, 559
632, 633, 634
667, 668, 669, 670
688, 689, 690, 691
736, 734, 735
788, 789, 790
1008, 1006, 1007
1024, 1025, 1026
1138, 1139, 1140
1170, 1171, 1172
1200, 1198, 1199
1221, 1222, 1223
1232, 1233, 1234, 1235
1299, 1300, 1301
1320, 1318, 1319
1321, 1322, 1323
1336, 1334, 1335
1344, 1345, 1346, 1343
1347, 1348, 1349
1445, 1446, 1447
1576, 1577, 1575
1578, 1579, 1580
1603, 1604, 1605
1724, 1725, 1726
1728, 1729, 1730, 1731
1808, 1805, 1806, 1807
1817, 1818, 1819
1835, 1836, 1837
1882, 1883, 1884, 1885
1904, 1905, 1906, 1903
2104, 2102, 2103
2136, 2137, 2135
2141, 2142, 2143
2280, 2277, 2278, 2279
2308, 2309, 2310, 2311
2315, 2316, 2317, 2318
2324, 2325, 2326
2328, 2329, 2327
2360, 2358, 2359
2376, 2377, 2378, 2379
2498, 2499, 2500, 2501
2552, 2553, 2554, 2555
2739, 2740, 2741
2776, 2777, 2774, 2775
2896, 2897, 2898, 2895
2901, 2902, 2903
3128, 3129, 3130, 3127
3161, 3162, 3163, 3164
3168, 3165, 3166, 3167
3176, 3177, 3175
3192, 3193, 3194
3243, 3244, 3245
3250, 3251, 3252
3256, 3257, 3258, 3255
3267, 3268, 3269
3276, 3277, 3278
3288, 3289, 3290, 3291
3320, 3321, 3322, 3323
3328, 3736, 3737, 3327
3401, 3402, 3403
5176, 5177, 5178, 3411
3450, 3451, 3452, 3453
3496, 3497, 3495
3581, 3582, 3583
3585, 3586, 3587
3640, 3641, 3638, 3639
3657, 3658, 3659
3664, 3665, 3666, 3667
3672, 3673, 3674, 3675
3677, 3678, 3679
3681, 3682, 3683, 3684
3709, 3710, 3711
3865, 3866, 3867
3884, 3885, 3886
3909, 3910, 3911
3970, 3971, 3972
4021, 4022, 4023
4067, 4068, 4069
4088, 4089, 4090
4092, 4093, 4094, 4095
4157, 4158, 4159
4162, 4163, 4164
4204, 4205, 4206, 4207
4221, 4222, 4223
4258, 4259, 4260
4277, 4278, 4279
4301, 4302, 4303
4312, 4310, 4311
4344, 4345, 4343
4504, 4505, 4502, 4503
4520, 4521, 4519
4528, 4526, 4527
4530, 4531, 4532
4536, 4534, 4535
4544, 4545, 4546, 4547
4576, 5104, 5103, 5105
4592, 4593, 4591
4617, 4618, 4619
4624, 4625, 4626, 4623
4659, 4660, 4661, 4662
4689, 4690, 4691
4700, 4701, 4702
4715, 4716, 4717
4729, 4730, 4731
4760, 4761, 4758, 4759
4776, 4777, 4774, 4775
4780, 4781, 4782
4796, 4797, 4798, 4799
4816, 4817, 4815
4848, 4849, 4850, 4851
4872, 4870, 4871
4880, 4881, 4882
4893, 4894, 4895
4921, 4922, 4923
4928, 4929, 4930
4936, 4937, 4938
4944, 4941, 4942, 4943
4962, 4963, 4964
4992, 4990, 4991
5024, 5025, 5026
5040, 5041, 5042
5045, 5046, 5047
5122, 5123, 5124
5128, 5125, 5126, 5127
5131, 5132, 5133, 5134
5153, 5154, 5155
5168, 5169, 5167
5216, 5214, 5215
5229, 5230, 5231
5272, 5273, 5274
5288, 5289, 5287
5296, 5297, 5298
5856, 139, 5854, 5855
169, 2732, 4629
5629, 5630, 215
3112, 3123, 275, 6379
5708, 1710, 343
5457, 5458, 395
456, 5932, 5933
5737, 514, 3153, 2031
634, 6306, 3127
1728, 1160, 742
829, 798, 5998
2986, 819, 2987
5796, 915, 916
6016, 1027, 6015
1040, 5404, 5405, 5406
1218, 1219, 5741, 1405
6763, 6764, 1413
1484, 1485, 1486
5338, 5339, 1694
5934, 1766, 5935
1860, 1858, 1803, 1859
6032, 6031, 1887
6386, 6387, 1903
6997, 6998, 1959
6432, 1978, 6431
2536, 2537, 5533
3977, 3010, 4645
3240, 6086, 3239
3370, 6350, 6351
5690, 5691, 3526
3657, 3658, 3659, 6125
3661, 6134, 6135
5360, 5361, 5362, 3803
4424, 6668, 3877, 3878
6208, 4185, 6209
6604, 6605, 4367
4376, 4378, 6847
4393, 6774, 6775
4449, 6786, 6787
6882, 6883, 4607
4649, 6730, 6729
6573, 4846, 6574
4960, 7000, 6999
5073, 6413, 6414
7088, 5076, 5077, 7087
6752, 5238, 5239
5315, 5316, 5317
5320, 5318, 5319
5468, 5469, 5470
5507, 5508, 5509
5616, 5617, 5615
5618, 5619, 5620
5635, 5636, 5637
5648, 5649, 5647
5665, 5666, 5667
5692, 5693, 5694
5699, 5700, 5701, 5702
5744, 5745, 5742, 5743
5746, 5747, 5748, 5749
5752, 5753, 5750, 5751
5762, 5763, 5764
5768, 5769, 5770, 5771
5776, 5777, 5778
5840, 5841, 5842
5936, 5937, 5938
5939, 5940, 5941
6011, 6012, 6013, 6014
6041, 6042, 6043, 6044
6120, 6121, 6119
6161, 6757, 6758
6245, 6246, 6247
6282, 6283, 6284, 6285
6331, 6332, 6333, 6334
6417, 6418, 6419, 6420
6476, 6477, 6478
6504, 6505, 6506, 6503
6508, 6509, 6510, 6511
6544, 6542, 6543
6644, 6645, 6646
6665, 6666, 6667
6673, 6674, 6675
6680, 6681, 6682, 6679
6705, 6706, 6707, 6708
6720, 6721, 6722, 6719
6800, 6801, 6802
6803, 6804, 6805
6832, 6830, 6831
6833, 6834, 6835
6837, 6838, 6839
6899, 6900, 6901
6925, 6926, 6927
6945, 6946, 6947
6957, 6958, 6959
6978, 6979, 6980, 6981
6986, 6987, 6988
7065, 7066, 7067, 7068
7680, 7677, 7678, 7679
5450, 2365, 87
7641, 7642, 7643
2472, 7501, 206
7249, 7250, 4325
6433, 298, 300, 7390
1424, 4410, 3631
7673, 7674, 7675, 4414
7488, 7489, 7490, 2390
6540, 1878, 7334, 7335
7336, 6553, 1426
7576, 7577, 7578
7000, 4960, 4268
7593, 7594, 7595
2608, 6070, 7111
7124, 4661, 7126, 7125
6944, 6906, 6907, 3964
7568, 7555, 7556
2708, 1965, 5631
7137, 6841, 687
752, 753, 7263
5144, 7699, 5278
7418, 3764, 934
7106, 7107, 7108
7114, 1485, 1486, 1487
5316, 7117, 7118, 3127
7128, 7129, 7130
7168, 7154, 7155, 7156
7184, 7182, 7183
7225, 7226, 7227
7234, 7235, 7236
7237, 7238, 7239
7240, 7241, 7242
7256, 7257, 7254, 7255
7258, 7259, 7260
7268, 7269, 7270
7320, 7321, 7322, 7323
7345, 7346, 7347, 7348
7397, 7398, 7399
7648, 7646, 7647
7692, 7693, 7694
7491, 1300, 1301
6120, 6121, 6119
8192, 8193, 8194, 4434
8195, 8196, 8197
7715, 7716, 1638, 2055
8202, 8203, 6588
8208, 8209, 8207
8184, 8182, 8183
8232, 8233, 8234
8256, 8236, 8237, 8238
7859, 7860, 7861, 7862
3912, 8251, 6047
7584, 8257, 8258, 8259
8264, 8261, 8262, 8263
8275, 8276, 8277
8280, 8281, 8282, 8283
4800, 4801, 8284
4986, 8285, 8286
8290, 8291, 8292
7712, 5353, 101
8293, 8294, 8295
3096, 7104, 103
8296, 8297, 8298, 5836
8299, 8300, 6981
4209, 4197, 2551
8306, 3379, 3974
5448, 5447, 7870, 7871
4744, 8317, 8318
8323, 8324, 8325
6276, 6277, 87
3960, 8010, 2199
2760, 193, 2742, 166
6401, 2234, 8146
7889, 7890, 7891
8056, 8057, 8055
6832, 6830, 6831
5651, 7818, 355
8009, 7986, 6540
6770, 2115, 6771
7920, 2470, 7919
2537, 8026, 8027, 8025
8113, 8114, 4607
7936, 7937, 7938, 7939
8168, 6670, 8167
7188, 2986, 2987, 7940
1473, 1474, 7244
6840, 6841, 6843, 6844
8328, 8326, 8327
8008, 3301, 3302, 8007
8011, 8012, 8013, 8014
7988, 8020, 8021
7264, 7266, 7267
233, 8038, 8039
7729, 7730, 7731, 5662
1321, 1362, 1323
3408, 7826, 3404
5692, 5693, 5694
8112, 8110, 8111
8058, 3525, 3526
7892, 7893, 7894
8164, 8165, 8166
7724, 7725, 7726
7744, 7745, 7742, 7743
7796, 7797, 7798, 7799
7811, 7812, 7813
7824, 7825, 3907, 7823
7833, 7834, 7835, 7836
7840, 7841, 7838, 7839
7842, 7843, 7844, 7845
7912, 7913, 7914, 7911
8045, 8046, 8047
8074, 8075, 8076
8093, 8094, 8095
8144, 8142, 8143
8531, 8532, 8533, 8534
8536, 8537, 8538, 8535
1872, 2066, 8682
6016, 1027, 4277
8423, 903, 2071
3153, 8539, 8540, 8541
5128, 8674, 4845, 2086
8634, 771, 4142
8544, 8545, 8546, 8543
8755, 8756, 4181
6249, 2547, 6251
8665, 8666, 8667, 2157
8596, 1388, 1478
8473, 2212, 2518, 2519
856, 181, 8422, 855
252, 220, 8389, 253
1416, 1424, 8406, 1423
8408, 8409, 8410
8427, 8428, 8429
8435, 8436, 8437
8442, 8443, 8444, 7378
8467, 8468, 2763, 5711
8481, 8482, 8483, 3694
6121, 8498, 8499, 8500
2498, 5483, 8549
8553, 1469, 2407
8560, 8561, 8562
8569, 514, 2499, 8570
7576, 8605, 8606
8632, 7201, 3970, 8633
8648, 8649, 8650, 8647
8745, 8746, 8747, 8748
8752, 8753, 8751
8761, 8762, 8763
1175, 1174, 7143
1024, 1025, 1026
1399, 1203, 3111
5763, 8404, 1981
3033, 8867, 8868, 2111
9251, 6382, 6415
2977, 8924, 8925
8928, 8929, 8926, 8927
9043, 9044, 2390
3282, 3283, 9068, 2559
8768, 1686, 8766, 8767
1352, 1332, 1333, 8774
8776, 8777, 8775
3057, 8778, 8779, 6103
8796, 8797, 8798
8813, 8814, 8815
8817, 8818, 3803
977, 1131, 8828, 8829
1466, 8835, 1467
8856, 8857, 8858, 8859
8872, 8873, 8871
8904, 8905, 8902, 8903
8914, 8915, 8916, 8917
8936, 8937, 8938
8944, 8945, 8943
8976, 8977, 8978
8984, 8982, 8983
8989, 8990, 8991
8992, 8993, 8994, 7810
9005, 9006, 9007
9011, 9012, 9013
9040, 9038, 9039
9048, 9049, 9046, 9047
9056, 9057, 9058
9077, 9078, 9079
9088, 9085, 9086, 9087
9106, 7483, 7925, 7487
9107, 9108, 9109
9115, 9116, 7094
9130, 9131, 9132
9136, 3026, 2006
9144, 9145, 9143
9181, 9182, 9183
9202, 9203, 9204, 9205
9234, 9235, 9236, 9237
9240, 9241, 9242
9256, 9254, 9255
7491, 1300, 1301
7464, 9133, 9134
7600, 9904, 9905, 9903
4570, 3661, 1951
227, 228, 2093
49, 1459, 4174
9568, 9566, 9567
9906, 9907, 9908
809, 6229, 9717
9755, 9756, 3262
9656, 3793, 1382
6289, 9754, 4324, 9753
9394, 9395, 8343
9924, 9925, 9926, 9927
2209, 5716, 9142, 7135
9120, 1606, 222
2280, 1050, 2277, 5639
248, 9523, 9524, 9525
3112, 3123, 275
9920, 9057, 9058
9861, 9862, 9863
504, 4433, 9704, 4431
3694, 342, 3695
2405, 9638, 9637
7812, 2427, 5092
9764, 9763, 4572, 5823
9768, 3364, 9766, 9767
1112, 9664, 1113
8800, 9321, 9322, 1175
4200, 1984, 9588, 9589
9640, 8820, 9639
9264, 8829, 9263
8858, 9558, 9559
9776, 9774, 9775
9592, 9035, 709, 9591
2768, 9325, 2870
9528, 9527, 727
4842, 9309, 9310
6904, 6902, 6903
5249, 9436, 9437, 9438
4872, 9286, 9287
9688, 9689, 9690, 9691
9796, 9797, 9798
2868, 9454, 9455
9896, 3217, 9895
5969, 9804, 9077
9529, 2973, 887
9372, 2996, 9373
976, 5310, 5311
9265, 9266, 9267, 9268
9288, 9289, 6067
9290, 9291, 9292
9344, 9341, 9342, 9343
9354, 9355, 9356
9368, 9369, 9370
9384, 9385, 9386
9387, 9388, 9389, 9390
9396, 9397, 9398
9405, 9406, 9407
9428, 9427, 3908, 5767
9442, 9443, 1491
3489, 9483, 9484
6059, 9485, 9486
9489, 9490, 9491
9497, 9498, 3811, 3812
9512, 9510, 9511
9513, 1867, 1868
9530, 9531, 9532, 9533
9611, 9612, 9613
9648, 9649, 9647
1672, 9677, 9678
3753, 9762, 9761, 9679
9714, 9715, 9716
9801, 9802, 9803
9808, 9809, 9810, 9811
9865, 9866, 9867
9891, 9892, 9893
9900, 9901, 9902
5884, 5885, 6133
10259, 10260, 8222
10200, 10201, 10202
10272, 10273, 10274
10280, 8320, 10279
10138, 10139, 10140, 2094
6632, 6292, 10292
2936, 2113, 10199
10174, 2150, 2151
10344, 10345, 10346, 5251
10360, 10361, 10359
10087, 6267, 10086, 511
1528, 10364, 4989
8176, 10369, 10370, 10371
193, 2742, 166
4120, 4257, 8064, 10367
8424, 8421, 325
10148, 10149, 4351
275, 10068, 10069
9952, 9953, 9954, 9955
6903, 4253, 6902, 10365
10226, 10227, 6213
536, 538, 535
3505, 6090, 6076, 3506
560, 10032, 10031
584, 5696, 1109
688, 689, 690, 9979
2749, 10102, 10101
1634, 3460, 3319
10185, 10186, 10187
793, 2643, 868
7176, 7178, 7174, 7175
7197, 7342, 9975
5449, 1563, 1111
7264, 7266, 7267
9950, 1230, 9951
10048, 10049, 9444, 3404
3359, 3358, 1399
10027, 10026, 5531, 5599
1456, 1457, 1453, 1455
9946, 1531, 1532, 9947
1720, 1721, 10004, 10005
5826, 9941, 9942
10044, 10042, 10043, 1788
10016, 10017, 10014, 10015
10018, 10019, 10020
10115, 10116, 10117
10178, 10179, 10180, 10181
188, 189, 102, 190
120, 848, 378, 2542
128, 10897, 10898
145, 146, 142
6482, 2740, 2741
1296, 1294, 375
8584, 10688, 10689
416, 10633, 3396
424, 10685, 10686, 423
4496, 8668, 5573
500, 11206, 9790
544, 10888, 10887
11017, 11018, 7525
11025, 11026, 11027
9665, 5899, 7502
2787, 11188, 11187
752, 753, 5412
9089, 9585, 2625
965, 11246, 11247
11248, 11249, 1210, 11250
1252, 1261, 6031
1530, 11196, 4909, 11197
11296, 9758, 11295
11031, 1589, 11030, 11029
1840, 11008, 1653, 11009
10482, 1667, 2451
1728, 10418, 10419
4000, 11237, 11238
6224, 1956, 6741, 6742
11251, 11252, 11253
11256, 11257, 11255
11258, 11259, 4678
2040, 3063, 4007
4736, 4735, 11263
10505, 10506, 10507
10608, 10609, 10610
10619, 10620, 7807
10665, 10666, 10733
10736, 10737, 10735
10795, 10796, 10797, 4253
10808, 10809, 10807
10817, 10818, 10819
4393, 10834, 10835
10882, 10883, 10884
8168, 11028, 6671
11105, 11106, 2854
11088, 11086, 11087
11157, 11158, 11159
11176, 3753, 11175
11184, 11185, 11186, 5079
11194, 5107, 4380
4060, 11213, 11214
11224, 11225, 11226
11232, 6771, 11231
11272, 4849, 4851
11273, 11274, 10199
11288, 11289, 4090
5202, 11293, 11294, 4199
11299, 11300, 11301
3210, 3211, 3213
6960, 6961, 4163, 4164
4272, 4257, 4273
6970, 4692, 4693
2474, 5390, 2679
11608, 11609, 7454
10280, 8320, 11557, 11558
2936, 412, 2108, 11349
11456, 11457, 11454, 11455
5329, 4163, 4164
6209, 11538, 11539, 6282
11417, 11418, 6263
11336, 11337, 10362
2218, 11364, 1362, 5614
322, 5662, 311
1296, 1295, 1294, 375
376, 7451, 1702
11325, 11326, 11327
7248, 4899, 10051
7792, 2539, 11365, 2543
11313, 11314, 1291, 535
6680, 6681, 6682, 6679
11475, 11476, 8750
7266, 7267, 11461
11490, 7284, 7287
11488, 8905, 11489
6098, 2780, 9119
752, 753, 766, 751
808, 3506, 6076, 1638
1572, 11421, 11422, 815
7106, 7108, 1973
9930, 1012, 11338
11588, 11589, 11590
11320, 3345, 11318, 11319
11344, 11345, 11346
1348, 1349, 11350
11352, 11353, 11351
11354, 11355, 11356
11360, 11358, 11359
11376, 11374, 11375
6056, 11384, 3862, 11383
11412, 11413, 11414
1672, 1674, 11435, 1671
6067, 11484, 11485
11496, 11493, 11494, 11495
11513, 11514, 5947, 11515
11544, 11545, 11546, 11547
11552, 11553, 11554, 11551
11560, 11561, 11559
11592, 11593, 11591
7434, 11604, 11605
5476, 3685, 5726
4033, 4034, 4031
52, 11661, 11662
12312, 57, 12311
60, 3325, 3326
11769, 11770, 69, 1641
9120, 1606, 222
248, 12476, 12477, 12478
1232, 1235, 8461, 8462
10640, 289, 295
8521, 10754, 11663
392, 486, 485, 11718
11913, 11914, 398, 399
5321, 5323, 468, 10485
480, 476, 12093, 478
11656, 9392, 501, 11657
507, 508, 510, 511
11825, 514, 5483
2306, 11731, 11644, 8773
11952, 584, 1109, 583
1418, 1419, 1420, 1421, 1422, 1427, 917
3877, 3878, 4424, 21516, 6668, 21517, 21518, 21519, 14835
3877, 3878, 4424, 6668, 21516, 21517, 21518, 21519, 14835
215, 214, 471, 216, 217, 218
3877, 3878, 4424, 21516, 6668, 21517, 21518, 21519, 14835
5793, 5594, 5549, 5550, 2503
20192, 20193, 20979, 20190, 20191
8064, 1969, 26026, 25724, 4406
28512, 28513, 28514, 29155, 28511
7273, 1451, 8397, 24109, 1993
31216, 31217, 31218, 31282, 342
7968, 1962, 7992, 7993, 7963, 7964, 7965, 7966, 7967
3123, 3112, 7407, 7408, 7409, 275
5895, 5964, 5965, 7344, 5885, 7326
5838, 8496, 8497, 8662, 3613, 3614
1957, 8550, 8551, 8558, 2286, 1405
1889, 1890, 1891, 1892, 1893, 614
18436, 18437, 18438, 18439, 18440, 19633
19123, 19124, 18935, 18936, 18937, 18938
22506, 22507, 22063, 22064, 22065, 22066
28427, 28428, 28429, 28430, 29204, 29205
31072, 31073, 31021, 31022, 31023, 31024
5666, 32248, 6742, 18776, 18777, 8123
12768, 12769, 33548, 16020, 31829, 15740
38501, 38502, 38503, 38504, 38505, 38646
37254, 37255, 37772, 13201, 13202, 10773
9363, 9361, 9362, 9360, 9297, 9298, 9299, 9300
5697, 5698, 3953, 5653, 5654, 5655, 5656
448, 11725, 10702, 10703, 10706, 443, 444
21398, 19671, 19668, 21397, 19670, 21399, 19669
37494, 37495, 37496, 37465, 37466, 37467, 37468
25088, 25089, 25185, 5164, 5296, 23250, 23251, 11125, 25184
4376, 4377, 4378, 4812
5094, 4861, 4862, 4863
6916, 6731, 6732, 6733
7179, 3875, 4163, 4164
7098, 7099, 7100, 7101
8329, 8273, 8274, 5119
4008, 5530, 7739, 3308
3355, 1420, 1981, 7795
5752, 5753, 5750, 5751
8440, 5441, 8542, 8439
9072, 5337, 8988, 5335
9168, 9169, 3276, 9221
7786, 10306, 2171, 1450
10232, 5329, 4163, 4164
9960, 9961, 9962, 9963
2536, 2537, 10603, 2535
5434, 2059, 637, 639
7048, 313, 3454, 3455
674, 2019, 612, 614, 524, 16469, 16470, 311, 2020, 4350
14148, 19751, 19752, 19753, 14346, 22023, 13262, 10938, 19754, 11870
12422, 12092, 5139, 12088, 12089, 12090, 12091, 1939
2088, 11209, 11210, 11211, 11212, 5045, 5046, 29470
8806, 8807, 8808, 8809, 8810, 8888, 8889
2466, 2468, 5610, 5611, 1425, 5843, 5844
10989, 1038, 1039, 1040, 10833, 953, 2747
3075, 3076, 2220, 3854, 14359, 16061, 2110
20228, 20229, 20230, 19786, 19787, 19984, 19985
25542, 25543, 25544, 23948, 23949, 23950, 25877
14273, 7014, 7016, 7017, 4953, 26969, 4954
4105, 4106, 4107, 4108, 4109, 4110, 4111, 4112, 4852
22464, 22968, 22457, 22458, 22459, 22460, 22461, 22462, 22463
7491, 1067, 8175, 1300, 1301, 479
3323, 9063, 9064, 9166, 9167, 1627
9505, 9506, 9507, 650, 5198, 9546
752, 751, 11856, 753, 13438, 13439
1962, 20146, 20147, 14004, 7964, 7966
4005, 4007, 4008, 3063, 2040, 4445
25424, 25425, 1719, 25496, 25497, 18650
2688, 1826, 22119, 27340, 16530, 2199
28568, 28569, 28570, 27515, 27516, 27517
7235, 14533, 14503, 30986, 30987, 2548
30720, 8014, 20826, 30717, 30718, 30719
30411, 30412, 30413, 30414, 30415, 30419
6560, 6561, 8243, 8244, 8245, 6559
4888, 4857, 4858, 4859, 4889
4496, 393, 389, 390, 5573
6864, 7001, 7045, 6862, 6863
7096, 7097, 6571, 796, 3949
7552, 7553, 7640, 7598, 7599
8376, 8377, 8378, 8379, 1360
976, 8451, 3102, 5734, 5310
10248, 10247, 11332, 10246, 1903
9456, 9458, 12189, 12190, 8935
1224, 793, 1226, 1227, 1225
5856, 185, 15565, 16070, 5855
16017, 16018, 1532, 15357, 15358
16547, 16548, 16549, 3550, 1251
22664, 22663, 7725, 6254, 22447
12872, 12873, 22558, 22021, 22022
18985, 18986, 18987, 20901, 19513
19232, 20065, 20066, 19230, 19231
19432, 19433, 20460, 19430, 19431
20008, 20009, 20010, 21179, 20007
22137, 22138, 22139, 22140, 22244
22675, 22684, 22677, 22678, 22685
5129, 25018, 4692, 6970, 4693
26801, 26802, 26803, 24814, 8167
25376, 25388, 25373, 25374, 25375
28819, 28588, 28587, 11502, 12646
29771, 29770, 5971, 29708, 29709
27512, 27513, 27514, 29962, 11598
27523, 27524, 27525, 27526, 27629
27706, 27707, 27708, 28130, 28131
28226, 28227, 20086, 24078, 24077
30952, 4842, 30951, 9310, 30903
7464, 5856, 31906, 9133, 18345
32136, 10188, 32285, 8086, 12159
16072, 16073, 6610, 32357, 32358
1112, 1113, 33252, 12048, 21543
33728, 33784, 33725, 33726, 33727
14664, 33715, 33755, 342, 3694
33768, 5969, 9079, 9077, 33769
40, 2952, 8059, 24, 1831
12097, 479, 10573, 6083, 1743
3193, 3194, 34499, 37508, 27255
37744, 32425, 37501, 19870, 37502
38104, 38105, 38107, 38108, 38103
38266, 38267, 38268, 38282, 38269
28295, 28296, 28297, 28298, 28299, 28300, 28375, 28376
2088, 11209, 11210, 11211, 11212, 5045, 5046, 11189
12975, 12976, 12977, 12978, 13045, 13046, 12987, 12988
4033, 11266, 3107, 4034, 15479, 15448, 15449, 15450
14373, 21353, 26897, 10259, 10260, 20222, 26233, 8222
18625, 32615, 32616, 32617, 206, 2472, 8787, 16598
64, 65, 66, 67, 6, 11631, 15575, 15576, 62
18593, 18594, 18595, 18596, 18597, 18598, 18599, 19446, 19447
21473, 21474, 21061, 21062, 21063, 21064, 21065, 21066, 21067
836, 37317, 25350, 8583, 8936, 236, 2004, 37337, 1469
3554, 3555, 3556, 3493, 3558, 3494, 3557
1031, 328, 8939, 8940, 8941, 8942, 8923
12992, 5058, 5094, 1974, 12989, 12990, 12991
13218, 13219, 5862, 4655, 5873, 5875, 13174
22889, 7892, 21905, 21906, 21907, 21908, 1721
18948, 18949, 18950, 18951, 18952, 18953, 21748
24347, 6660, 2985, 28755, 28756, 27689, 1563
11456, 29666, 29667, 29668, 29669, 15321, 6846
18371, 19911, 30380, 30381, 30382, 20755, 20212
770, 31944, 12585, 31946, 31947, 31945, 12255
38085, 38086, 38668, 13048, 6521, 13050, 21309
26816, 26817, 26818, 26819, 26820, 26821, 26822, 25313, 14727, 7087, 24820, 6912, 26823, 5285
10890, 1289, 1738, 1739, 1740, 10832, 10889, 1592, 1290
3395, 14148, 14149, 14150, 14031, 14032, 14033, 14034, 14035
3680, 3592, 3593, 3594, 3595, 3596
4001, 2867, 7896, 7897, 2203, 6172
3009, 8229, 8230, 8231, 6951, 8248
8068, 8069, 3112, 275, 3123, 7711
484, 9062, 2618, 9147, 9148, 9146
2826, 3511, 6732, 9300, 10967, 10968
3328, 9826, 757, 12251, 12252, 12253
1476, 1897, 10681, 11642, 11643, 2461
6116, 7343, 3280, 3281, 9653, 7279
21858, 21930, 21931, 21932, 21933, 16759
18947, 18610, 18611, 18612, 18613, 18614
21297, 21298, 21299, 21300, 21275, 21276
12643, 2180, 24275, 24276, 24277, 2746
25152, 25153, 25154, 25155, 20727, 25305
9088, 12653, 24475, 24476, 24477, 24478
13898, 25743, 25744, 26100, 26101, 26102
26251, 26252, 26554, 26555, 26556, 26557
1290, 5072, 2974, 14423, 15387, 12926
19078, 29463, 29464, 29465, 29466, 29086
28768, 29312, 29314, 29315, 28769, 29313
30980, 30981, 4393, 12273, 10834, 31484
30368, 7844, 21193, 30351, 30366, 30367
32039, 32040, 9225, 9226, 32041, 32042
2060, 11501, 11502, 2300, 1533, 10143
34823, 34824, 34825, 7082, 6102, 34826
771, 37384, 37385, 4142, 8634, 37118
38375, 38450, 38451, 38452, 29401, 29402
5954, 2211, 5956, 333, 2735, 5779, 5780, 3189, 3191, 5955
3298, 3783, 15863, 15864, 15865, 15866, 15867, 15868, 15869, 15870
1056, 1057, 1058, 1059, 1803, 1804
1765, 2986, 2987, 7309, 819, 7188
8461, 8462, 1232, 1233, 1234, 1235
5504, 5505, 5462, 3256, 6233, 3258
10731, 10732, 9330, 4054, 10845, 10846
12018, 12019, 12020, 12021, 12154, 12155
16352, 16353, 16237, 16238, 2223, 1426
23196, 22412, 8372, 1338, 348, 23197
28673, 7805, 7120, 7122, 5367, 1469
33578, 33579, 4402, 18361, 18362, 21403
2405, 231, 233, 34249, 220, 223
8928, 14897, 6902, 6903, 6904, 37242
37475, 37476, 37200, 37201, 37202, 37203
10916, 10917, 10918, 10919, 10920, 10921, 10922, 10923, 10957, 240, 337, 1015
20705, 20706, 9861, 9862, 9863, 18730, 30733, 30734, 30939
12130, 12131, 12132, 710, 12134, 711, 34347, 13990, 3546
7804, 32869, 8553, 13101, 7119, 5367, 7803, 34588, 7141
16453, 490, 491, 492, 3087, 3796, 2169, 16623
21187, 21188, 10509, 18933, 18934, 21593, 21594, 21595
1416, 1774, 1423, 1424, 5718, 5719, 5720, 5626
8012, 8819, 8820, 8821, 8822, 8823, 8948, 8949
14083, 14084, 15883, 16275, 16276, 16277, 16278, 16339
1002, 19475, 19476, 19477, 19478, 19484, 19485, 19486
20560, 20561, 20530, 20531, 20532, 20533, 20534, 20535
9536, 9537, 31971, 9222, 18250, 9198, 9199, 28254
32128, 65, 32130, 32131, 32129, 1993, 7273, 32253
1472, 34240, 22850, 35, 36, 38, 1146, 3103
9344, 23845, 34281, 34282, 34283, 31950, 9342, 9343
548, 549, 550, 551, 552, 1143, 1144
5859, 4008, 3308, 7218, 7219, 7157, 5530
8085, 8086, 8087, 8088, 8089, 8155, 8156
9478, 9479, 9480, 4659, 9746, 9747, 5017
6666, 2539, 12339, 11956, 11957, 11958, 11959
20256, 20257, 19848, 19849, 19850, 19851, 20255
7272, 7273, 1451, 24109, 24270, 24269, 1993
24192, 14507, 3792, 13082, 4955, 4956, 24191
22407, 27401, 490, 11, 492, 3087, 27402
27883, 27589, 27590, 27591, 27592, 27882, 10791
20098, 30218, 30219, 30164, 30165, 30166, 9108
33442, 2275, 809, 5106, 4380, 33597, 33598
34144, 34145, 34045, 14800, 25780, 34044, 18493
9569, 4353, 3785, 970, 3787, 4284, 3786
12357, 12358, 12360, 34398, 34332, 34333, 34334
10498, 1009, 1011, 10868, 7771, 828, 829
35008, 12229, 11566, 34963, 34964, 15736, 6431
8803, 27974, 27975, 27976, 27977, 27978, 27979, 27980, 27789, 27788, 26197
15664, 16071, 15658, 15659, 15660, 15661, 15662, 16015, 16016, 15663, 15666, 15667, 15668, 15669, 15665, 8377, 8379
288, 2179, 2180, 1861, 2182, 2183, 2184, 37421, 37422, 16271, 723, 37179, 1051, 2181
5721, 13434, 5723, 5722, 13453
4778, 954, 955, 4779, 4501
4059, 4060, 5029, 5030, 5031
5324, 89, 91, 1643, 92
6433, 298, 6435, 6436, 6434
416, 6812, 3403, 6468, 6469
6227, 1515, 3260, 3259, 2671
6823, 4652, 4653, 3382, 6631
7264, 7265, 7266, 7267, 7369
8728, 8714, 8715, 8726, 8727
9918, 9919, 9917, 9822, 9823
825, 9789, 3764, 9829, 5261
9624, 9625, 5018, 308, 9374
9272, 9439, 9269, 9270, 9271
10320, 10366, 10317, 10318, 10319
11166, 11190, 11165, 3726, 11167
11240, 11241, 11254, 4526, 11239
11280, 11282, 3508, 11278, 11279
5152, 11520, 11519, 11548, 7519
8344, 12890, 12949, 12950, 12951
12264, 10928, 2659, 10908, 317
12298, 12299, 9819, 1405, 5741
10945, 1524, 12317, 2822, 3071
12120, 3793, 12271, 11990, 11991
12528, 4056, 12746, 12744, 12745
12712, 12952, 12954, 4588, 12953
4120, 1881, 14287, 14288, 14289
15112, 15113, 14690, 4044, 4045
15121, 15122, 15123, 14910, 15119
3104, 1848, 10742, 9070, 10743
15920, 2081, 15919, 6006, 15921
16058, 5075, 16060, 16059, 15958
16280, 8449, 12508, 8445, 1580
504, 19728, 4766, 2190, 20077
20944, 1386, 21899, 21900, 21901
22416, 14892, 1442, 12364, 14893
20592, 20593, 20594, 22285, 14375
19136, 19137, 19395, 19396, 19397
19632, 21370, 19629, 19630, 19631
20185, 19948, 19949, 19950, 19951
20138, 20139, 20140, 20141, 22077
20961, 20962, 20963, 20604, 20605
20712, 21057, 21058, 21059, 20711
21592, 21113, 21114, 21590, 21591
21734, 21732, 21189, 21190, 21733
22576, 22577, 22575, 21558, 21559
22272, 23306, 23307, 23308, 22271
22569, 22570, 22571, 22572, 23259
22600, 22601, 22602, 22603, 22727
72, 9552, 3026, 126, 10825
24960, 6940, 24845, 24846, 24959
3496, 3497, 3495, 24121, 25031
14110, 1874, 24757, 1182, 14927
1216, 2065, 2981, 9118, 24129
4664, 24793, 21635, 21981, 4669
24272, 18572, 22392, 22116, 22390
24408, 12570, 12571, 15982, 20878
24550, 24548, 24421, 24422, 24549
26504, 26505, 5002, 26371, 26506
3112, 1193, 1194, 275, 27333
28816, 1145, 26, 28815, 28817
376, 16848, 1698, 86, 28873
6143, 7291, 3860, 13206, 27807
28456, 28457, 28458, 28459, 28553
28538, 28539, 28540, 28541, 29471
29304, 29305, 29306, 29028, 29029
1376, 16577, 4892, 3685, 1961
29417, 29418, 5091, 31338, 3647
31280, 11929, 31229, 31230, 31281
30713, 30498, 30499, 30714, 30715
29969, 31818, 31891, 31892, 31890
22546, 32011, 5181, 14846, 22877
32440, 32441, 32442, 32443, 32522
32880, 32979, 32877, 32878, 32879
32984, 32985, 6506, 32986, 21605
2688, 16529, 1826, 4970, 2199
4000, 4009, 7394, 6522, 191
21544, 34041, 14039, 3598, 21543
12096, 2050, 5317, 8517, 855
1249, 2594, 3626, 4588, 7565
18677, 14554, 1199, 1218, 2623
34665, 34666, 23483, 34726, 34727
19313, 19314, 35012, 35013, 28231
4449, 21492, 8172, 7454, 15265
37256, 37257, 8396, 9972, 37912
38200, 38201, 38202, 38205, 38199
38392, 38393, 38394, 8733, 38383
37664, 18241, 21136, 21135, 21137
12504, 22201, 37539, 11996, 37573
28944, 37992, 37991, 27636, 28945
3176, 29734, 38557, 38558, 38559
3556, 10628, 37821, 37822, 37533
38665, 38666, 38667, 38172, 38173
37137, 10834, 10835, 38183, 4393
13217, 13254, 5416, 5417, 5418, 5419, 5420, 13181, 13182
6915, 7014, 7016, 7017, 15023, 32501, 32502, 23113, 4953, 4954
896, 3488, 898, 11497, 11498, 11499, 11500, 11504, 4088, 891
771, 772, 2263, 12152, 2262, 12151, 2264, 2265, 11933, 11934
22180, 28401, 28402, 28403, 28404, 28405, 28406, 28183, 28184, 28185
28234, 28235, 28236, 28237, 28238, 28239, 28240, 28241, 28950, 6396
2275, 7686, 31435, 31436, 31437, 21615, 23155, 23156, 22131, 24988
14085, 2694, 1649, 5737, 30316, 2320, 3153, 30988, 14330, 574
12112, 1656, 1840, 34355, 5235, 34356, 1653, 1654, 1655, 12280
15969, 15970, 15910, 15911, 6600, 2222, 211, 279
13282, 15971, 7908, 892, 3025, 7766, 3996, 15871
14411, 14183, 14184, 14185, 14186, 14187, 14412, 14413, 14414, 14409, 14410
4100, 4101, 4102, 1145, 1146, 1147, 1148, 1149, 1150
7014, 7015, 7016, 7017, 6955, 6956, 4953, 4954, 6879
18624, 19912, 19913, 19914, 18619, 18620, 18621, 18622, 18623
2050, 8517, 9067, 10415, 27633, 27892, 27893, 855, 5317
17088, 28800, 28801, 5042, 29235, 29236, 29237, 20094, 28799
1329, 1330, 1327, 1328, 945, 946, 947, 948, 949
4128, 4129, 1161, 1162, 1163, 1164, 1165, 1166, 1167
20321, 20322, 20323, 1286, 1897, 22155, 3085, 7092, 1899
28555, 28556, 2605, 27854, 28557, 83, 28558, 28559, 5845
832, 9222, 21030, 3656, 9194, 9196, 9198, 6197, 1975
30176, 30177, 30178, 709, 1511, 15210, 18972, 30141, 30142
15749, 6087, 6088, 6089, 15594, 12784, 5960, 5971, 4954
27810, 27811, 27812, 27813, 28535, 28154, 28155
33024, 3781, 33417, 14798, 2709, 3775
31426, 38531, 38637, 38237, 38238, 38239
1352, 1331, 1332, 1333, 1339, 1340
24015, 24016, 24017, 24018, 7961, 7962
28928, 28936, 28075, 28076, 28077, 28078
29413, 29414, 29415, 29448, 29449, 29973
976, 1723, 974, 975
2064, 2065, 2066, 4000
4974, 2701, 2702, 2703
4265, 4266, 3020, 3021
3929, 3930, 3077, 3078
3731, 3469, 3470, 3471
4424, 3877, 3878
4457, 4458, 4229, 4833
4826, 4827, 4916, 4917
5084, 5085, 5182
5282, 5149, 5150, 5151
5192, 5193, 5194, 5295
6049, 6290, 1683, 29
5424, 1432, 218, 5767
1379, 292, 5325, 767
6330, 1742, 359
1232, 6034, 1235
4328, 1849, 5906, 1765
2424, 6613, 4335
6516, 6515, 4332
6952, 6866, 4899, 6867
5857, 5586, 5587
6633, 6058, 6059, 6634
6241, 6242, 6798, 6799
6751, 6534, 6535
6678, 6565, 6566
6704, 6808, 6807, 6703
7544, 65, 7109, 1742
376, 7504, 7451, 1702
5549, 5594, 7314, 2503
7426, 6323, 7479
6704, 6808, 7627
3449, 7230, 1151
7584, 7705, 7571, 7704
6056, 7202, 3862
7216, 7217, 7503
7281, 7282, 7412
8211, 8101, 8102
7249, 1298, 4325
6601, 6437, 6438, 6439
4449, 6786, 8172, 8177
169, 2732, 4629, 8303
8235, 8186, 8187
7954, 7955, 8171
1856, 8106, 5922
8096, 3789, 8118
8024, 7382, 7383
8032, 8140, 8139, 7452
7808, 7809, 7810, 1404
7784, 3845, 8077
8602, 7108, 7106
2280, 9002, 9003, 9004
9059, 9033, 9034, 9035
9214, 9110, 9111
872, 9884, 5525, 5687
9371, 60, 3325, 3326
9921, 9869, 9870
3472, 1415, 2877, 9391
9680, 2990, 1118, 2989
2825, 2826, 9349, 9350
6556, 10316, 10343
10008, 10009, 6226, 10007
3849, 2666, 2165
7880, 6074, 3966, 10270
2840, 1393, 252, 253
6601, 2498, 6878, 5215
10289, 4652, 3382
10336, 7466, 4899
9992, 9991, 10077, 9997
9956, 7261, 7262, 9957
1392, 339, 342, 1751
5240, 11283, 3004
8752, 11155, 11156, 6398
841, 6083, 10956, 2801
11192, 11193, 1117
6135, 1733, 11219, 3661
6048, 2066, 3860, 6599
11108, 11107, 10404, 10405
10722, 2503, 5594, 10687
3009, 8042, 11006, 4991
11075, 4285, 4286, 4270
5320, 11576, 6055
11579, 4747, 6518
3449, 11556, 11477, 4905
11532, 11307, 11308
1450, 11563, 11540, 7786
11585, 1562, 11594, 11586
80, 426, 12506, 111
306, 12149, 12341
15712, 9569, 15714, 11974, 15713, 3785, 970, 1208, 1209, 1210, 3786, 15710, 15711
25696, 25697, 25698, 25699, 25700, 166, 3629, 26000, 3671, 1784, 25693, 25694, 25695
25442, 1211, 5829, 2246, 1194, 2245, 181, 2422, 13433, 18265, 1215, 26527
8080, 8081, 8082, 8123, 8124, 8125, 8126, 8127
2594, 932, 1514, 43, 44, 81, 344, 764
12833, 12290, 12291, 12292, 12293, 12294, 12295, 12834
7201, 3970, 932, 113, 2040, 11930, 2043, 8637
3854, 3347, 6485, 4566, 4567, 4568, 4569, 2492
2594, 13193, 13194, 13195, 5484, 8367, 81, 13142
19245, 19246, 19247, 19248, 19249, 18354, 18355, 18356
24388, 12775, 4426, 6649, 6650, 6651, 6652, 6653
27715, 27716, 27717, 27730, 27731, 27732, 27733, 27734
28160, 22945, 19819, 29149, 28156, 28157, 28158, 28159
28744, 28745, 28746, 28747, 28748, 28749, 29118, 29119
6401, 32038, 14376, 32008, 8754, 2197, 2234, 2268
1634, 3460, 166, 38360, 38361, 38362, 38363, 16700
19363, 19364, 19365, 19366, 19367, 20840, 19886, 4472
256, 16066, 2211, 168, 2402, 2736, 10193, 1203, 2332
5344, 5345, 5346, 5321, 5322, 5323, 468, 469, 5340, 5341, 5342, 5343
8448, 8449, 9217, 9063, 1578, 1580, 11863, 11864, 11865, 12507, 12508, 12509
9473, 9730, 9731, 9732, 9733, 1671, 203, 9713, 50, 4026, 4027, 4028
4322, 4323, 4324, 4325, 858, 859, 860
7272, 1993, 1450, 1451, 6224, 7273, 7327
7942, 7943, 7924, 7925, 7483, 7484, 7487
7905, 7906, 7907, 7750, 3503, 5715, 3130
9444, 9445, 9446, 9672, 9673, 5546, 3408
870, 10474, 10893, 301, 305, 2073, 158
172, 174, 175, 176, 4052, 1494, 11100
3072, 3073, 3074, 11016, 1131, 977, 10586
11236, 11179, 11180, 11181, 1142, 4316, 3997
11616, 934, 11664, 11665, 11613, 11614, 11615
15505, 15506, 15507, 15508, 15509, 15510, 12829
15264, 15425, 15426, 909, 911, 912, 913
4000, 16161, 2060, 16561, 16439, 859, 860
20587, 20588, 18421, 18422, 18423, 18424, 18425
18982, 18983, 18984, 21355, 21356, 21357, 21358
19663, 19664, 19665, 19666, 19667, 22356, 22357
20064, 20396, 20397, 20060, 20061, 20062, 20063
22324, 20597, 20598, 20599, 20600, 20596, 22325
22337, 22338, 22339, 22340, 21757, 21758, 21759
26048, 26049, 26114, 26115, 21095, 16597, 26047
1220, 8453, 27337, 27338, 179, 2454, 5723
2850, 2851, 24334, 5329, 7331, 7131, 7132
29265, 29266, 29267, 29268, 28472, 28473, 28474
31394, 31365, 31366, 31367, 31368, 28234, 25119
30183, 30442, 8012, 7377, 8822, 8951, 8952
4161, 3395, 11265, 4873, 34040, 15000, 15001
11552, 33952, 21222, 33953, 20967, 33950, 33951
32073, 32074, 25358, 32176, 5969, 34547, 34548
37273, 2127, 37142, 37143, 37144, 37145, 37274
7235, 7236, 30087, 7561, 7242, 37489, 38175
13122, 13123, 2218, 1362, 5614, 13136, 2066
1538, 1052, 5745, 9426, 33556, 33591, 19292
6624, 4416, 13282, 15971, 892, 34827, 3025, 7766, 30618, 30619, 3996
27552, 28096, 28097, 19848, 19849, 19850, 19851, 27984, 20255
20742, 20427, 19575, 19576, 19577, 19578, 19579, 19580
26882, 26883, 26884, 26885, 26886, 23416, 26618, 23515
6113, 1123, 1412, 20969, 4426, 20971, 2547, 6651
29603, 27430, 22607, 22608, 22609, 23319, 29839, 24541
6370, 15490, 15458, 4845, 3728, 3729, 3730, 15795
931, 10598, 10377, 10378, 1647, 1648, 1649, 10654
33760, 33732, 37417, 37418, 37133, 37134, 37135, 33993
19296, 20768, 19298, 21099, 20772, 19297, 18697, 18698, 18699, 21100, 20769, 20765, 20771, 20770, 20766, 20767
5568, 4065, 5570, 5569, 5681, 5682, 5683, 5684, 5685, 5686
836, 5612, 236, 5363, 5364, 5464
12491, 12203, 9580, 9581, 21202, 1175
5766, 13288, 19757, 19758, 19759, 8862
18601, 18602, 18603, 18604, 19250, 18719
29568, 1828, 29317, 29318, 23030, 29979
3523, 28710, 2904, 21436, 2334, 3199
34756, 21866, 21867, 37420, 16435, 37811
10180, 38342, 37852, 20283, 20284, 22143
4081, 1851, 348, 349, 350
648, 649, 4168, 4169, 647
2128, 2129, 971, 972, 2384
3080, 1625, 1626, 1627, 3079
4577, 4298, 4299, 4300, 4578
6072, 2057, 6073, 1638, 2055
1968, 6761, 6762, 2332, 6693
6465, 6402, 3475, 3476, 5046
7425, 1443, 6102, 3358, 7569
6248, 7976, 6188, 6118, 7975
6633, 6634, 7971, 7970, 8115
7185, 395, 396, 5998, 8519
8795, 4322, 8794, 860, 9053
544, 8780, 8781, 9022, 9021
2048, 104, 2218, 1555, 97
9752, 9703, 9686, 9702, 9687
9632, 7576, 9571, 9760, 9631
9089, 9868, 9323, 604, 9324
9824, 9825, 9331, 9332, 9333
9562, 9563, 9564, 9654, 9655
10152, 3064, 3065, 2157, 10151
376, 10153, 1702, 1246, 375
4449, 6786, 7388, 10282, 7454
2036, 10203, 10204, 10134, 2033
2680, 3489, 9483, 1027, 9484
3985, 4218, 4364, 4366, 4057
3465, 1498, 9967, 1926, 191
6600, 6601, 211, 5587, 6639
11316, 1194, 8564, 2422, 11391
32, 2825, 9349, 12046, 12045
9251, 6173, 12421, 5822, 6415
4296, 4297, 12437, 6461, 1111
5659, 4721, 11755, 2908, 12969
2692, 12114, 2691, 3508, 12115
4698, 12563, 5767, 3654, 11367
4988, 7690, 5108, 4629, 12934
11856, 11857, 11858, 12010, 12009
12936, 12937, 12892, 12893, 12894
2415, 1067, 10573, 1743, 479
14108, 13964, 13965, 13966, 13998
1736, 15337, 399, 6535, 2095
15952, 15953, 12675, 11124, 15796
16013, 12459, 16012, 12735, 16095
15984, 8170, 16035, 16034, 15983
3016, 16533, 14269, 16534, 16503
7432, 1321, 1323, 20627, 18903
23129, 12706, 6772, 7094, 5383
21326, 7348, 7485, 19846, 21327
18396, 12555, 13964, 12557, 12558
19256, 19257, 20444, 20445, 19255
22043, 22044, 22045, 22478, 22477
23488, 23489, 23483, 23486, 23487
24856, 24865, 24866, 4674, 24855
24920, 24921, 25027, 18870, 24919
23928, 23929, 23927, 11560, 399
23361, 25066, 22891, 25028, 25067
25234, 22715, 24412, 5661, 24413
24329, 14923, 1181, 3379, 1183
3928, 24826, 4484, 4485, 4439
25857, 25858, 8979, 3971, 25550
14240, 15348, 25637, 14238, 14239
4002, 25876, 19069, 1230, 9951
11149, 26923, 26924, 3021, 6221
15113, 6963, 26973, 4043, 4045
27288, 16465, 25578, 27231, 27289
28680, 28681, 9618, 24731, 28682
9424, 29256, 29636, 22150, 9423
5721, 5723, 27627, 27628, 5722
29560, 29561, 27756, 11581, 11334
28137, 28138, 21411, 28754, 21409
24566, 29555, 29556, 28869, 28870
4781, 4780, 4782, 29166, 29167
29820, 29819, 29420, 29421, 29422
24635, 2452, 27299, 30894, 30895
31464, 3408, 5546, 30337, 31463
18616, 19434, 30668, 30669, 20783
31189, 31188, 30958, 27518, 30959
27707, 27708, 30893, 30630, 28131
31456, 25001, 4682, 3404, 31524
30272, 30233, 30234, 30235, 30273
1963, 32142, 32141, 8214, 4383
4745, 5892, 565, 31878, 7485
32528, 32529, 23483, 32565, 32566
33152, 19090, 32899, 32900, 33151
32953, 32954, 32691, 32690, 32689
33328, 33201, 33202, 33203, 33295
33297, 33298, 33299, 33300, 33286
33432, 1520, 1519, 18364, 33431
7235, 7242, 33635, 2548, 14503
32656, 32642, 32731, 4879, 943
33872, 33873, 33770, 33771, 10898
560, 21524, 13390, 11182, 3391
6315, 32659, 32635, 32636, 6317
21240, 33939, 20020, 34158, 34159
4672, 2999, 2998, 34190, 1383
25276, 27299, 33964, 34099, 34100
34000, 34001, 34020, 34021, 33999
464, 14092, 19, 20, 34264
9790, 500, 4293, 11206, 9791
248, 5234, 5235, 34285, 31326
972, 15475, 15476, 971, 12065
34256, 9521, 9708, 4054, 4052
2977, 2746, 12643, 452, 450
16761, 34795, 19036, 34797, 34796
34496, 21915, 13180, 21918, 12079
5336, 5337, 5826, 34516, 5335
28115, 28116, 8862, 5766, 19759
23393, 38339, 38340, 38565, 24678
24641, 37978, 37980, 4101, 9773
21417, 38879, 38604, 38878, 21943
38479, 34042, 22923, 38914, 33431
4309, 3372, 25453, 4766, 4431
37995, 37996, 21117, 21118, 38453
19824, 37113, 37114, 20998, 27318
1587, 3954, 3955, 1588, 1589, 1590
1856, 1857, 2514, 2515, 1854, 1855
2978, 2979, 2980, 2981, 4582, 4581
4096, 4097, 4042, 4043, 4044, 4045
5184, 5185, 5186, 5187, 5304, 5179
4322, 4324, 6446, 6447, 6448, 860
6180, 6181, 6182, 6383, 6384, 3805
4804, 4805, 4806, 6828, 6829, 3986
5760, 5761, 5710, 5711, 5712, 5713
7331, 5329, 3987, 6266, 7131, 7132
7468, 7469, 6261, 6262, 6263, 5531
1825, 8226, 8225, 6281, 8173, 8174
8357, 8358, 8359, 8335, 8338, 8339
4132, 4302, 4303, 7953, 4052, 1423
8800, 8900, 2245, 2246, 2422, 8799
9010, 718, 9008, 9009, 1202, 727
9641, 9642, 9550, 9551, 9552, 4440
226, 9705, 9706, 236, 9364, 9365
9636, 1427, 1646, 914, 9075, 917
9542, 9543, 9544, 9737, 1968, 9736
10311, 10312, 6352, 10263, 10264, 10265
9986, 9987, 9988, 10216, 1742, 6330
8553, 7122, 10034, 5366, 5367, 9944
389, 8679, 8680, 4496, 10168, 5573
10573, 8462, 1743, 1232, 1235, 479
9457, 7284, 7286, 7287, 10782, 10783
233, 1965, 11343, 5464, 5551, 2590
97, 104, 2218, 1555, 5531, 94
11715, 11716, 11953, 11954, 1204, 3775
12962, 12649, 12970, 12982, 12695, 12696
12039, 12040, 12041, 12367, 12368, 12369
13129, 13130, 13131, 214, 13116, 2461
7108, 1973, 8602, 5757, 5758, 5759
13227, 10729, 5611, 13228, 8855, 5464
9091, 14853, 14700, 14701, 12079, 12659
15313, 1326, 15441, 15314, 1524, 3071
12298, 12299, 16019, 16020, 16021, 1405
2503, 2504, 16426, 10059, 5594, 10687
2593, 2594, 21448, 3983, 629, 2223
14981, 12048, 21401, 21402, 19293, 1182
12260, 1190, 9414, 12106, 1188, 21243
20995, 19108, 19109, 19110, 2311, 20996
4301, 4302, 18703, 18704, 7953, 4303
9505, 9506, 21581, 10705, 20660, 20661
20521, 20522, 18327, 18328, 18329, 18330
18606, 18607, 18608, 18609, 21237, 21238
19105, 19106, 19107, 21293, 21294, 21295
19661, 19662, 19641, 19642, 19643, 19644
19783, 19784, 19785, 19919, 19920, 19921
19909, 19910, 19911, 20754, 20755, 20756
21379, 21380, 21381, 21290, 21291, 21292
22542, 22543, 22544, 22900, 22901, 22902
25130, 25131, 22325, 25079, 25080, 25182
6528, 25188, 25189, 22026, 24142, 6840
2404, 12938, 1867, 1868, 12788, 24085
10146, 10198, 6331, 6332, 6333, 6334
24076, 24077, 24078, 21168, 18388, 20086
27136, 5441, 10036, 10614, 639, 27135
3985, 4366, 25616, 25617, 4057, 4218
26052, 26053, 6760, 6776, 6777, 26749
26080, 26081, 1889, 26444, 20558, 20559
27169, 27170, 1531, 1532, 10590, 10591
26754, 26755, 5092, 5093, 4742, 2427
4778, 4779, 4501, 10294, 955, 10335
29324, 1491, 17013, 2713, 28380, 28381
27844, 30386, 30387, 30388, 30389, 30582
30511, 30512, 30513, 20184, 4591, 23900
31975, 31976, 31977, 3986, 6610, 14269
32419, 16389, 16617, 16618, 8081, 4434
30401, 30402, 32295, 32296, 32084, 32085
32779, 32780, 32781, 32782, 32788, 32789
387, 717, 718, 3346, 150, 731
32945, 32946, 32947, 32948, 33054, 33055
33702, 33703, 2987, 1200, 33491, 23999
33826, 29798, 33836, 33837, 12757, 4056
14376, 2510, 8754, 14166, 2234, 2268
14785, 34179, 10578, 14867, 14868, 14869
581, 33390, 3121, 3438, 4374, 4062
34340, 34341, 34342, 208, 34325, 1509
34858, 34859, 34860, 34839, 34840, 34841
27301, 27302, 27303, 27304, 34571, 34572
9120, 35009, 10723, 39, 34507, 1200
12800, 34976, 4872, 34923, 34924, 34975
1441, 10439, 17291, 30254, 30384, 15598
15746, 300, 16113, 9909, 3896, 1564
2570, 2571, 5998, 829, 798, 799
22688, 29193, 29194, 29195, 22686, 22687
4256, 37702, 37967, 4338, 4339, 34266
4302, 4303, 18704, 7953, 37590, 37591
29286, 38506, 38507, 21390, 21775, 21211
38222, 38223, 38162, 38163, 32440, 32441
4496, 7187, 5935, 389, 5573
28832, 28833, 28834, 28835, 28033, 6635, 8172, 1968, 28032, 28031, 28829, 28830, 28831
3811, 3812, 3813, 3814, 3145, 3146, 3147, 1395, 1396
9947, 4836, 1532, 9946, 1531, 10460, 10461, 10590, 10591
9604, 9605, 9048, 9049, 10938, 11867, 11868, 11869, 11870
15808, 11689, 11690, 11691, 15806, 3033, 15612, 3582, 15807
22049, 22050, 20969, 4426, 20971, 20972, 5202, 6651, 20970
12192, 27233, 12194, 8422, 26189, 181, 855, 856, 8800
3936, 3937, 12584, 14893, 12369, 27322, 27323, 27324, 3935
30722, 30723, 30444, 30443, 10188, 19134, 12157, 12158, 12159
8361, 3147, 9619, 9617, 9618, 1395, 9882, 23838, 6207
34210, 1222, 32139, 11885, 11886, 5807, 34227, 34228, 2040, 11641, 5372
1595, 37360, 37361, 20018, 20019, 20020, 21240, 37211, 37212, 34399
16160, 13282, 15971, 3996, 14378, 16491, 892, 3025, 7766, 30618, 30619, 16604
19622, 21101, 21102, 21103, 21104, 21779, 19515, 19516
19881, 19882, 21422, 21071, 21072, 20179, 20180, 21070
15110, 2247, 34066, 24117, 18870, 24119, 24636, 15134
1728, 1729, 33985, 4458, 14091, 33984, 33934, 14176
4032, 4033, 4034, 4035, 5191, 5079, 4031
4745, 3978, 3979, 6487, 6874, 6875, 6876
8136, 8137, 8138, 1963, 8018, 8213, 8214, 8215, 8216, 8217, 8218, 8219, 8220, 4383
3714, 27115, 1207, 25654, 25655, 1948, 1949
14179, 31525, 298, 14141, 1404, 1290, 581
30529, 30530, 30350, 21566, 21567, 30622, 30623
34279, 12108, 2036, 34199, 34200, 1689, 315
4163, 4164, 35146, 12910, 6960, 6961, 18460
1613, 1614, 1615, 281, 282, 283, 284, 285
8867, 2076, 1005, 2115, 2771, 9948, 9949, 2111
1986, 1416, 1423, 1424, 1782, 3799, 4409, 5626
11366, 9287, 11368, 9866, 11367, 11310, 11311, 11312
20495, 20496, 20497, 20498, 21500, 21501, 21502, 21503
24232, 24233, 24234, 4621, 20522, 500, 24732, 24733
2784, 2785, 2787, 2788, 2789, 24010, 24011, 24012
6528, 26848, 26887, 5015, 6840, 6841, 6844, 16990
25601, 26596, 26597, 26598, 7975, 6248, 6188, 20094
26016, 6961, 19634, 25913, 25914, 26015, 26014, 4575
5859, 4008, 3308, 4685, 2040, 27418, 5532, 5530
4417, 103, 30602, 30603, 30604, 6063, 3544, 1401
30240, 30241, 30250, 30251, 30252, 28174, 1975, 12413
30459, 30136, 30137, 30138, 30139, 30460, 30461, 30462
32385, 66, 903, 6408, 6609, 32404, 2843, 11070
12385, 32612, 18600, 13263, 19280, 33587, 33588, 33589
32322, 1956, 3883, 6224, 15188, 6741, 6742, 4634
5763, 34244, 34258, 34243, 9462, 9596, 9597, 9598
18532, 34601, 554, 11858, 16052, 12120, 13438, 13439
5856, 139, 11679, 34997, 12570, 30491, 30805, 5855
37294, 37295, 37296, 37169, 37170, 37171, 37172, 34520
30208, 30209, 30210, 2542, 30223, 31264, 9592
7553, 31299, 31430, 31438, 22544, 22900, 22902
2849, 33638, 8815, 15345, 33523, 9620, 860
332, 333, 334, 335, 3189, 3190, 3191
9572, 9573, 7767, 2962, 9334, 9335, 9336
11394, 11395, 11396, 11397, 11473, 11474, 9181
14848, 14849, 14850, 14851, 15045, 15046, 15047
5440, 611, 612, 614, 15214, 626, 755
2048, 7394, 7246, 16624, 8691, 1498, 191
21793, 21794, 21795, 18712, 18713, 18714, 18715
19269, 19270, 19271, 19272, 21751, 21752, 21753
19479, 19992, 19993, 19994, 21180, 21181, 21182
16161, 4324, 16557, 8815, 859, 860, 24190
27168, 12502, 24857, 23066, 24859, 24860, 27167
28942, 20207, 20208, 24434, 29367, 29368, 28943
18945, 1286, 1899, 28045, 3085, 19574, 27831
10434, 1388, 30445, 30446, 7796, 7799, 13212
31747, 31748, 31749, 31953, 31954, 31955, 949
19200, 20866, 6711, 5965, 8279, 5885, 19198
497, 426, 5356, 1069, 111, 80, 113
7200, 7876, 4678, 1222, 4681, 5807, 5372
5952, 34596, 34597, 8663, 1050, 17022, 5951
1280, 994, 2566, 3785, 970, 732, 15711
38880, 38881, 38250, 38251, 6769, 34740, 25244
30024, 37195, 37196, 19759, 32180, 37399, 37400
17090, 7077, 8972, 555, 28716, 28717, 16053, 28247, 28248, 28249, 28250, 28251, 28252
3046, 3688, 12215, 3182, 5231, 12214, 12663, 12664, 12665, 12666, 12667
11269, 20073, 28107, 28108, 28109, 28110, 28111, 7248, 27796, 27797, 27798
21651, 21425, 21424, 19857, 19858, 19859, 19860, 19861, 19862, 19863, 21652
11771, 11996, 2185, 2187, 1020, 11997, 12370, 11998, 1019, 11772, 11773, 11774
5984, 5985, 6562, 6563, 6564, 5982, 5981, 926, 5983
2542, 11983, 11984, 11985, 2517, 11705, 11706, 11707, 11708
18518, 6543, 18515, 18516, 18517, 21622, 21623, 21620, 21621
19155, 19156, 19157, 19158, 19159, 19672, 19673, 19674, 19675
22305, 22306, 22307, 22308, 22309, 22417, 22418, 22419, 22420
29540, 29541, 29542, 29543, 29487, 29488, 29489, 29490, 29491
13378, 2247, 24116, 24117, 24118, 24119, 24120, 24636, 15134
6110, 5542, 5543, 5544, 5422, 5423, 5838, 5839, 3613, 3614
18496, 20398, 20399, 20400, 20209, 14777, 18492, 18493, 18494, 18495
13378, 25750, 24117, 26099, 25749, 24118, 24119, 26910, 959
4418, 38258, 38259, 38260, 33653, 33654, 4599, 3832, 34707
3392, 3393, 4264, 4242, 4243, 3387, 3388, 3389, 3390, 3391
28079, 27568, 27569, 27570, 27571, 27572, 27573, 27574, 27709, 27710
9221, 28742, 3276, 19627, 19628, 9168, 27923, 21341, 28741
11904, 11905, 11906, 11907, 11812, 11813, 11814, 11815, 11816, 11817, 12025, 12022, 12023, 12024, 11908
6454, 6450, 6734, 6735, 6736, 6737, 4146, 6451, 6738, 6453, 3734, 6452
7025, 7026, 6928, 6929, 6930, 6931, 6932, 7029, 7028, 5178, 7027
25351, 25352, 25353, 25354, 25355, 25356, 25395, 25396, 25397, 25398, 25399
28960, 28961, 28974, 28975, 28976, 28977, 21973, 20408, 28957, 28958, 28959
21904, 14052, 14053, 33935, 33936, 33937, 33938, 19924, 19925, 14588, 14589, 4255
14624, 14625, 14626, 771, 14950, 21768, 21769, 21770, 34061, 12152, 21434
14777, 37477, 14154, 37047, 37048, 37299, 37300, 2774, 37049, 2776, 2777
12451, 12452, 12588, 12589, 12688, 12689, 3122, 3478, 3480, 3481, 3482
1667, 1668, 9035, 2449, 2962, 2451, 2964, 2965, 2454, 12377, 2963, 1028
29984, 24233, 32331, 32332, 32333, 32334, 32271, 32272, 32273, 32371, 32372, 32373, 32374, 32375, 14200, 32335, 2045, 14323
5416, 5417, 5418, 5419, 5420, 5526, 5527, 5628
353, 325, 7793, 7794, 7317, 7831, 7832, 2549
11303, 10439, 178, 181, 11321, 11322, 11323, 11324
11169, 21831, 21832, 21833, 20340, 9589, 2583, 2585
3554, 3555, 3556, 9542, 21287, 21288, 9543, 9544
22949, 24638, 29781, 29886, 29782, 29885, 29918, 29887
450, 12643, 30631, 12587, 16301, 4335, 2745, 2746
929, 6118, 26598, 6248, 33612, 6188, 33613, 33614
35113, 31506, 12502, 35095, 35096, 35097, 13082, 13083
9702, 37799, 37609, 31155, 5878, 9687, 37560, 31539
15760, 15816, 2158, 2159, 2160, 15729, 15566, 15609
23200, 23201, 4610, 5252, 21548, 21549, 21550, 21551
7968, 34598, 34599, 1962, 14004, 7963, 7964, 7967
9153, 9154, 9093, 9162, 8882, 8883, 8884, 8885, 8886, 8887
3719, 5232, 4949, 4950, 4951, 5144
1413, 12872, 12873, 5045, 5046, 12029
3808, 4077, 4368, 4369, 4370, 3807
994, 2115, 241, 9554, 211, 1470
9897, 9898, 9899, 9007, 9874, 9590
10354, 10356, 10328, 10329, 10330, 5115
1728, 1729, 10085, 10098, 9976, 9977
5829, 1222, 11472, 11442, 5784, 7199
13120, 1331, 1332, 1333, 13175, 1369
13416, 13389, 13390, 13404, 13405, 13406
5893, 5894, 2061, 12015, 1533, 1534
904, 238, 239, 3953, 1685, 1759
19274, 19275, 19276, 19277, 21229, 21435
2656, 2657, 24296, 241, 1267, 24086
20136, 20137, 18806, 18807, 20124, 9598
25794, 25795, 26729, 2904, 25176, 2905
28896, 28897, 28898, 29248, 29246, 29247
29840, 28845, 28846, 28973, 28848, 28847
11275, 12911, 12912, 12913, 12914, 22927
5795, 29039, 29040, 29041, 29718, 28664
29408, 29057, 29058, 29729, 11544, 29407
6055, 7500, 5525, 2431, 28668, 29023
